_id,word,freq
0,ZONAL,49
1,ZOMBI,10
2,ZLOTY,2
3,ZIRCO,1
4,ZIGOT,20
5,ZENIT,110
6,ZELOS,204
7,ZELAR,11
8,ZEFIR,71
9,ZEBRA,60
10,XUTAR,83
11,XUSMA,62
12,XURRO,98
13,XURRA,6
14,XURMA,82
15,XURLA,1
16,XUNGA,2
17,XUMET,13
18,XUMAR,23
19,XULLA,127
20,XUIXO,9
21,XUFLA,33
22,XUETO,13
23,XUETA,124
24,XUCLA,7
25,XUBEC,2
26,XOTRO,1
27,XOTIS,43
28,XORRA,2
29,XORIC,88
30,XOQUI,9
31,XOPAR,145
32,XOLLA,9
33,XOFER,628
34,XOCAR,465
35,XITAR,2
36,XISCA,10
37,XIROI,102
38,XIRIC,3
39,XINXA,134
40,XINES,1901
41,XINAR,1
42,XILLA,1
43,XIITA,38
44,XIFRA,3912
45,XICRA,266
46,XICOT,3056
47,XIBUC,2
48,XIBIU,10
49,XIBEC,4
50,XERRI,15
51,XERRA,8
52,XERPA,73
53,XERIF,165
54,XERIC,17
55,XERES,86
56,XEREC,23
57,XEMIC,2
58,XEIXA,93
59,XEFLA,13
60,XEBRO,10
61,XAVAL,247
62,XAUXA,37
63,XARXO,6
64,XARXA,3819
65,XARUC,106
66,XARPA,16
67,XAROP,312
68,XAROL,161
69,XARIA,8
70,XAPOL,1
71,XAPAT,52
72,XAPAR,102
73,XANXA,28
74,XANCA,18
75,XAMPU,46
76,XAMOS,219
77,XAMOR,1
78,XAMBO,6
79,XAMBA,24
80,XAMAT,2
81,XAMAR,4
82,XAMAN,61
83,XALOC,101
84,XALMA,3
85,XALET,487
86,XALAT,18
87,XALAR,110
88,XAICA,1
89,XAIAR,2
90,XAGRI,1
91,XAFEC,344
92,XAFAR,221
93,XADOR,9
94,XACRA,142
95,XACAL,191
96,XABEC,84
97,WOLOF,2
98,WEBER,10
99,VULVA,63
100,VUITE,505
101,VOTIU,99
102,VOTAR,1573
103,VOSTE,14714
104,VORER,23
105,VORAL,37
106,VORAC,132
107,VOMIT,446
108,VOMIC,2
109,VOMER,4
110,VOLVA,266
111,VOLUM,6588
112,VOLTA,14007
113,VOLER,123665
114,VOLEA,33
115,VOLCA,524
116,VOLAT,62
117,VOLAR,4518
118,VOGIR,16
119,VOGAR,260
120,VODKA,51
121,VOCAL,2919
122,VIVOR,250
123,VIVID,99
124,VIVER,233
125,VIVAC,115
126,VIURE,39561
127,VIUDO,470
128,VIUDA,908
129,VITRI,85
130,VITET,2
131,VITEL,6
132,VITAL,2617
133,VISTA,14934
134,VISOR,42
135,VISIU,14
136,VISIR,59
137,VISIO,7789
138,VISCA,358
139,VISAT,50
140,VISAR,34
141,VIRUS,507
142,VIROT,16
143,VIROS,7
144,VIRIO,5
145,VIRIL,421
146,VIRIC,78
147,VIRET,2
148,VIRAT,31
149,VIRAR,116
150,VIOLO,18
151,VIOLI,1033
152,VIOLA,680
153,VINYA,3530
154,VINTE,68
155,VINOS,95
156,VINIL,19
157,VINIC,28
158,VINGA,1278
159,VINER,4
160,VINCA,39
161,VIMET,247
162,VILER,3
163,VIGOR,975
164,VIGIR,27
165,VIDRE,5692
166,VIDIA,1
167,VIDEO,547
168,VIBRA,45
169,VIARO,11
170,VIARI,139
171,VEXAR,132
172,VEURE,157641
173,VETAR,24
174,VESTA,203
175,VESSA,15
176,VESPA,234
177,VERSO,84
178,VERRO,44
179,VERRA,23
180,VEROS,3
181,VEROL,7
182,VERGE,1122
183,VERGA,287
184,VERBA,78
185,VERAT,119
186,VERAL,88
187,VERAC,61
188,VENUT,484
189,VENUS,94
190,VENOS,150
191,VENJA,4
192,VENIT,4
193,VENIR,66272
194,VENIA,187
195,VENET,9
196,VENDA,4139
197,VENCO,1
198,VENAL,79
199,VELOC,178
200,VELLO,109
201,VELIC,1
202,VELER,734
203,VELAT,219
204,VELAR,286
205,VELAM,61
206,VEIRE,138
207,VEDIC,16
208,VEDET,96
209,VEDAT,225
210,VEDAR,143
211,VECOT,1
212,VAUMA,19
213,VATUA,215
214,VATER,210
215,VASCO,6
216,VARVA,1
217,VARIU,3
218,VAREC,5
219,VARAR,131
220,VARAL,24
221,VAQUI,9
222,VAPOR,2741
223,VANAR,189
224,VAMBA,14
225,VALVA,116
226,VALUA,620
227,VALOR,19365
228,VALID,1695
229,VALER,15990
230,VAIVE,230
231,VAIRO,4
232,VAIRE,5
233,VAGUE,1673
234,VAGOS,4
235,VAGIT,21
236,VAGAR,693
237,VAGAL,33
238,VACUM,15
239,VACCI,6
240,VACAR,13
241,UZBEK,9
242,UVULA,2
243,UVEAL,3
244,UTERI,162
245,USURA,198
246,USUAL,1028
247,URUBU,1
248,URPIR,6
249,URPAR,13
250,URGIR,152
251,URETA,2
252,URENT,2
253,UREIC,5
254,URCOL,1
255,URANI,164
256,UNTOS,13
257,UNTOR,1
258,UNTET,21
259,UNTAR,539
260,UNGLA,1374
261,UNGIR,225
262,UNCIO,278
263,UNARI,1
264,UMBRE,1
265,ULTRA,1793
266,ULTIM,17315
267,ULNAR,5
268,ULLOT,1
269,ULLET,42
270,ULLAT,30
271,ULLAR,116
272,ULLAL,357
273,ULEMA,3
274,UIXER,66
275,UIGUR,10
276,UFANA,244
277,TXECA,15
278,TWIST,9
279,TUTSI,57
280,TUTOR,304
281,TUSTA,1
282,TURMA,9
283,TURIO,2
284,TURCA,15
285,TURBA,382
286,TUPAR,7
287,TUNEL,515
288,TUMUL,243
289,TUMOR,771
290,TUMID,2
291,TUDAR,47
292,TUBUL,13
293,TSUGA,1
294,TRUST,78
295,TRULL,126
296,TRUJA,148
297,TRUFA,33
298,TRUCA,8
299,TROTO,1
300,TROPA,2514
301,TRONC,3041
302,TRONA,420
303,TROIA,175
304,TROCA,317
305,TROBA,106
306,TRIVI,2
307,TRITS,5
308,TRITO,70
309,TRITI,13
310,TRIST,8665
311,TRIPS,1
312,TRIPO,5
313,TRIPA,241
314,TRINC,7
315,TRINA,1
316,TRILL,38
317,TRIGA,8
318,TRIES,1
319,TRIDU,16
320,TRIBU,1521
321,TRIAT,429
322,TRIAR,3939
323,TRIAL,50
324,TRIAC,1
325,TREVA,742
326,TRETA,99
327,TREPO,5
328,TREPA,175
329,TRENC,446
330,TRENA,486
331,TREMP,500
332,TREMA,14
333,TREFI,5
334,TRAVA,408
335,TRAUT,120
336,TRAST,314
337,TRAPA,85
338,TRANC,30
339,TRAMA,723
340,TRAIR,1192
341,TRAGO,200
342,TRAGI,139
343,TRACI,25
344,TRACA,1383
345,TOXIC,852
346,TOVOT,4
347,TOVOR,18
348,TOTXO,247
349,TOTIL,68
350,TOTEM,194
351,TOTAL,10566
352,TOSSA,111
353,TOSCA,231
354,TORXA,322
355,TORUS,14
356,TORTO,58
357,TORTA,34
358,TORRO,392
359,TORRE,4687
360,TORNA,177
361,TORIC,2
362,TORIA,41
363,TORET,1
364,TORER,3
365,TORCO,3
366,TORBA,61
367,TORAX,168
368,TORAL,30
369,TOPIC,879
370,TOPAR,2908
371,TONYA,1
372,TONUS,44
373,TONIC,575
374,TONAL,69
375,TOMBA,2123
376,TOMAR,83
377,TOLUE,8
378,TOLTA,6
379,TOLLA,22
380,TOLIR,6
381,TOIXO,78
382,TOISO,34
383,TOGAT,22
384,TOFUT,36
385,TOFOL,6
386,TOCOM,76
387,TOCAT,711
388,TOCAR,17917
389,TIXRI,7
390,TITOT,34
391,TITOL,7223
392,TITIT,3
393,TITET,27
394,TISSU,42
395,TISIC,169
396,TIRRE,8
397,TIROS,10
398,TIRAT,685
399,TIRAS,9
400,TIRAR,11718
401,TIPUS,17299
402,TIPLE,142
403,TIPIC,3599
404,TINYA,98
405,TINTA,1059
406,TINOI,2
407,TIMUS,34
408,TIMPA,139
409,TIMOL,17
410,TIMID,1128
411,TIMIC,35
412,TIMBA,269
413,TIGRE,601
414,TIFUS,173
415,TIFIC,55
416,TIBLE,7
417,TIBIA,126
418,TIBAT,319
419,TIBAR,331
420,TIARA,136
421,THETA,9
422,TEVET,4
423,TEUTO,37
424,TEULA,522
425,TETOL,4
426,TETAN,20
427,TESTO,1
428,TESTA,2263
429,TESOR,22
430,TESLA,1
431,TESAR,50
432,TERRI,20
433,TERRE,145
434,TERRA,57582
435,TERPE,7
436,TERNA,40
437,TERME,18442
438,TERCO,3
439,TERCA,96
440,TEPAL,3
441,TENUE,499
442,TENOR,593
443,TENIR,301463
444,TENIA,23
445,TENDO,174
446,TENDA,1986
447,TENCO,17
448,TENCA,54
449,TENAC,367
450,TEMPS,74095
451,TEMPO,48
452,TEMOR,2508
453,TEMER,5914
454,TELLA,27
455,TELEX,44
456,TELER,857
457,TELAR,2
458,TEIXO,52
459,TEIOS,4
460,TEINA,4
461,TEFLO,3
462,TECLA,249
463,TECAL,5
464,TEBEO,70
465,TEATI,7
466,TAXON,17
467,TAXAR,55
468,TAVEC,73
469,TAURO,243
470,TAURI,35
471,TAURE,135
472,TAULO,314
473,TAULA,15934
474,TAUJA,106
475,TATXA,91
476,TATAR,12
477,TASSO,199
478,TASSA,1736
479,TASCO,156
480,TASCA,8012
481,TARTA,5
482,TARRO,13
483,TAROT,57
484,TARJA,248
485,TARDA,11654
486,TARAR,24
487,TAQUI,3
488,TAPIT,17
489,TAPIS,641
490,TAPIR,21
491,TAPIA,306
492,TAPET,50
493,TAPER,62
494,TAPAS,11
495,TAPAR,3281
496,TANZA,2
497,TANKA,30
498,TANGO,167
499,TANGA,7
500,TANDA,270
501,TANCO,5
502,TANCA,1129
503,TAMPO,24
504,TAMPA,3
505,TAMIS,26
506,TAMIL,6
507,TAMBE,107329
508,TALUS,135
509,TALPO,18
510,TALPA,3
511,TALOS,71
512,TALLA,1173
513,TALIO,31
514,TALER,9
515,TALEM,208
516,TALEC,28
517,TALAR,102
518,TAIGA,12
519,TAIFA,88
520,TAGAL,4
521,TAFUR,8
522,TAFOI,9
523,TAFIA,1
524,TACTE,854
525,TACIT,267
526,TACAT,348
527,TACAR,418
528,TABES,23
529,TABAL,254
530,TABAC,1474
531,SWING,35
532,SUTZE,21
533,SUTGE,168
534,SURRA,29
535,SUROS,1
536,SURER,176
537,SURAR,1037
538,SURAL,7
539,SUPER,24
540,SUNNA,7
541,SUMME,474
542,SUMMA,66
543,SUMIR,143
544,SUMAR,1369
545,SUMAC,29
546,SULTA,78
547,SULLA,14
548,SUITE,108
549,SUFLE,5
550,SUFIX,238
551,SUERA,2
552,SUECA,8
553,SUDET,1
554,SUCRE,2932
555,SUCOS,282
556,SUCCI,4
557,SUCAR,237
558,SUARA,911
559,SUADA,84
560,SOUET,1
561,SOTOL,1
562,SOTIL,81
563,SOTAL,1
564,SOSIA,3
565,SORUS,3
566,SORRA,2542
567,SORNA,86
568,SORGO,6
569,SORGE,39
570,SORDO,5
571,SOPOR,72
572,SOPIT,72
573,SOPER,162
574,SOPAR,4735
575,SONSO,92
576,SONOS,2
577,SONOR,1796
578,SONIC,8
579,SONET,489
580,SONDA,212
581,SONAT,159
582,SONAR,3448
583,SOMPO,3
584,SOMNI,6769
585,SOMIC,6
586,SOMER,40
587,SOMAT,1
588,SOLUT,9
589,SOLTA,339
590,SOLIU,104
591,SOLIT,8
592,SOLID,3116
593,SOLFA,196
594,SOLER,10823
595,SOLDA,190
596,SOLAR,2070
597,SOLAC,48
598,SOGRE,642
599,SOGRA,569
600,SOGAR,1
601,SOFRE,912
602,SOFRA,7
603,SODIC,419
604,SODAT,4
605,SOCOL,340
606,SOCAM,4
607,SOBRI,386
608,SOBRE,83024
609,SOBRA,737
610,SOBEC,3
611,SIVAN,3
612,SITRA,12
613,SITJA,160
614,SITAR,2
615,SISME,40
616,SISET,4
617,SISCA,2
618,SISAL,3
619,SIRIA,31
620,SIRGA,84
621,SIPIO,2
622,SIPIA,89
623,SIPAI,2
624,SIOUX,18
625,SINUS,73
626,SINIA,186
627,SIMUN,15
628,SIMIL,173
629,SILVA,9
630,SILUR,4
631,SILEX,317
632,SIGNE,6732
633,SIGMA,13
634,SIGLA,138
635,SIGIL,12
636,SIENA,25
637,SIDRA,29
638,SICUL,4
639,SIBOC,5
640,SEVIR,1
641,SEVER,1487
642,SEURE,5334
643,SETZE,1278
644,SETRA,8
645,SETGE,717
646,SESTA,131
647,SESAM,22
648,SERVO,18
649,SERVA,66
650,SERUM,555
651,SERRA,4185
652,SEROS,27
653,SERMO,1476
654,SERIE,7856
655,SERIC,19
656,SERBI,298
657,SERAC,4
658,SEQUI,4
659,SEPTE,8
660,SEPIA,127
661,SEPAL,79
662,SENYA,576
663,SENSE,91132
664,SENIS,2
665,SENIL,115
666,SENIA,36
667,SENET,37
668,SENES,8
669,SENDA,218
670,SENAT,584
671,SENAR,106
672,SENAL,2
673,SEMIS,64
674,SEMEN,84
675,SEMAT,3
676,SEMAR,7
677,SEMAL,75
678,SELVA,1016
679,SELLO,30
680,SELLA,333
681,SEIXA,10
682,SEITO,25
683,SEGUR,13673
684,SEGON,28309
685,SEGOL,244
686,SEGLE,31971
687,SEGLA,19
688,SEGAR,852
689,SEDOS,254
690,SEDER,59
691,SEDEC,7
692,SEDAS,532
693,SEDAR,1
694,SEDAN,5
695,SEDAL,2
696,SECTA,650
697,SECOR,25
698,SAURI,68
699,SAUPA,15
700,SAUNA,42
701,SAULO,98
702,SAULE,72
703,SATIU,1
704,SATIR,91
705,SARSA,8
706,SARRO,527
707,SARRI,1
708,SARPA,21
709,SAROS,6
710,SARNA,76
711,SARJA,95
712,SARGA,35
713,SARDA,8
714,SARAU,323
715,SAPUT,1
716,SAPLA,4
717,SAPID,10
718,SANTO,35
719,SANSA,5
720,SANAR,41
721,SAMOA,10
722,SAMEC,6
723,SAMBA,17
724,SALZE,342
725,SALVE,183
726,SALVA,121
727,SALUT,5718
728,SALSA,1166
729,SALPA,6
730,SALOL,3
731,SALMO,155
732,SALIC,30
733,SALER,72
734,SALEP,4
735,SALDO,500
736,SALAT,855
737,SALAR,141
738,SALAO,6
739,SALAC,7
740,SAJOL,3
741,SAIGA,3
742,SAIAL,7
743,SAGAL,37
744,SAGAC,106
745,SAFRA,368
746,SAFIR,124
747,SAFIC,18
748,SADIC,104
749,SACUL,4
750,SACSO,55
751,SACRE,350
752,SACAR,7
753,SABUT,517
754,SABRE,461
755,SABOR,667
756,SABLE,15
757,SABIR,6
758,SABEU,5
759,SABER,116111
760,SABAT,78
761,RUSCA,21
762,RURAL,2770
763,RUPIT,55
764,RUPIA,10
765,RUNIC,9
766,RUNAR,4
767,RUNAM,5
768,RUMOR,577
769,RUMEN,10
770,RUMBA,52
771,RULOT,6
772,RUIXO,13
773,RUIXA,24
774,RUINA,2101
775,RUGOS,128
776,RUGIT,38
777,RUGIR,81
778,RUGBI,81
779,RUFOL,119
780,RUFIA,25
781,RUERA,5
782,RUBOR,118
783,RUBLE,45
784,ROURO,1
785,ROURE,1278
786,ROTOR,42
787,ROTER,11
788,ROTAR,48
789,ROSTA,29
790,ROSSI,118
791,ROSSA,198
792,ROSER,824
793,ROSEC,141
794,ROSCA,95
795,ROSAT,1360
796,ROSAR,31
797,RONYO,826
798,RONYA,112
799,RONSA,24
800,RONEC,310
801,RONDO,35
802,RONDI,3
803,RONDA,816
804,ROMEU,204
805,ROMER,81
806,ROMBE,97
807,ROMAS,9
808,ROLEU,17
809,ROJOR,161
810,ROJAL,20
811,ROINA,10
812,ROGLE,140
813,ROGET,4
814,ROGER,115
815,ROENT,586
816,RODOL,59
817,RODET,271
818,RODER,29
819,RODAT,160
820,RODAR,2215
821,RODAM,6
822,RODAL,171
823,ROCOS,453
824,ROCAM,260
825,ROBOT,132
826,ROBER,17
827,ROBAR,3092
828,RIVET,83
829,RIVAL,1026
830,RIURE,14705
831,RITME,4982
832,RIOTA,174
833,RIMER,4
834,RIMEL,48
835,RIMAR,155
836,RIGOR,1758
837,RIGID,1369
838,RIFLE,67
839,RIFAR,146
840,RIERO,35
841,RIERA,1805
842,RIENT,58
843,RIELL,51
844,RICOR,12
845,RICAR,12
846,RIBOT,64
847,RIBER,6
848,RIBAS,28
849,RIADA,64
850,REVES,1740
851,REUMA,178
852,RETXA,110
853,RETRO,30
854,RETRE,877
855,RETOR,25
856,RETOP,186
857,RETOL,1121
858,RETOC,228
859,RETIR,129
860,RETIC,8
861,RESUM,2157
862,RESTA,8859
863,RESSO,1643
864,RESAR,2121
865,REPTE,780
866,REPOS,3200
867,REPOM,3
868,REPLE,70
869,REPLA,1010
870,REPIX,1
871,REPIC,173
872,REPEU,78
873,REPES,7
874,REPEL,63
875,REPAS,401
876,RENOU,496
877,RENOS,10
878,RENOM,445
879,RENOC,20
880,RENIS,1
881,RENGA,7
882,RENET,23
883,RENEC,493
884,RENDA,1834
885,RENAL,527
886,REMUC,24
887,REMOT,1616
888,REMOR,2641
889,REMOL,26
890,REMIS,20
891,REMER,134
892,REMEI,5027
893,REMAR,233
894,RELLO,2
895,RELLA,221
896,RELAT,1076
897,REIXA,851
898,REINA,165
899,REIAL,4607
900,REGUL,7
901,REGOR,27
902,REGNE,4913
903,REGNA,276
904,REGLE,168
905,REGLA,6111
906,REGIT,41
907,REGIR,2505
908,REGIO,8849
909,REGIM,6509
910,REGEL,3
911,REGAR,1954
912,REGAL,794
913,REFUS,581
914,REFET,279
915,REFER,2268
916,REDOX,24
917,REDOS,563
918,REDOL,189
919,REDIT,192
920,REDIR,29
921,REDEU,24
922,RECTO,17
923,RECTE,2131
924,RECES,210
925,RECER,782
926,RECEL,918
927,RECAR,307
928,RECAM,2
929,REBUT,1689
930,REBUF,37
931,REBRE,19710
932,REBOT,163
933,REBOL,1
934,REBLO,26
935,REBLE,141
936,REBEL,942
937,REBEC,179
938,REBAT,2
939,REALC,13
940,RAVAL,580
941,RAUXA,221
942,RAURE,1413
943,RATXA,297
944,RATIO,82
945,RATER,8
946,RATAT,155
947,RATAR,14
948,RASPA,37
949,RASER,23
950,RASAR,29
951,RAPTE,148
952,RAPIR,21
953,RAPID,5476
954,RAPEL,47
955,RAPAR,35
956,RAPAC,42
957,RAOLA,13
958,RANXO,160
959,RANDA,577
960,RANCI,558
961,RAMUT,15
962,RAMPI,18
963,RAMPA,361
964,RAMOS,23
965,RAMAT,2392
966,RAMAS,16
967,RAMAR,9
968,RAMAL,243
969,RALET,10
970,RAJOL,196
971,RAJAR,1064
972,RAIMA,12
973,RAIER,67
974,RAGER,14
975,RAFIA,42
976,RAFET,4
977,RAFEC,148
978,RAFAL,31
979,RADIO,2513
980,RADAR,112
981,RACIO,356
982,RABIC,1
983,RABIA,1954
984,RABEC,1
985,QUOTA,869
986,QUITI,47
987,QUIST,59
988,QUIPA,1
989,QUINT,841
990,QUINA,97
991,QUILO,2122
992,QUIET,2553
993,QUICO,4
994,QUICA,2
995,QUETA,2
996,QUEST,44
997,QUERN,5
998,QUERA,23
999,QUEIX,43
1000,QUEDA,64
1001,QUASI,10459
1002,QUART,8105
1003,QUARS,233
1004,QUARK,48
1005,QUANT,24271
1006,QUALL,24
1007,PUZLE,34
1008,PUTID,1
1009,PURNA,8
1010,PURGA,84
1011,PUPUT,194
1012,PUPIL,14
1013,PUNYA,14
1014,PUNXO,267
1015,PUNXA,588
1016,PUNTA,6330
1017,PUNIR,136
1018,PUNIC,74
1019,PULMO,1076
1020,PULLA,8
1021,PUJOL,383
1022,PUJAT,241
1023,PUJAR,15479
1024,PUGNA,384
1025,PUGIL,13
1026,PUELL,2
1027,PUDOS,9
1028,PUDOR,888
1029,PUDOL,3
1030,PUDIR,265
1031,PUDIC,99
1032,PUCOS,1
1033,PUCER,10
1034,PUBIS,142
1035,PUBIL,2
1036,PUBIC,26
1037,PUBIA,26
1038,PUBER,36
1039,PTOSI,34
1040,PSOES,30
1041,PSALM,306
1042,PRUNA,361
1043,PRUIR,15
1044,PROVA,9193
1045,PROTO,251
1046,PROTI,5
1047,PROSA,1510
1048,PROPI,32240
1049,PROPE,1
1050,PROPA,26
1051,PROLE,70
1052,PROIS,2
1053,PROFA,793
1054,PROER,8
1055,PROBE,12
1056,PRIOR,594
1057,PRIMA,446
1058,PREVI,2671
1059,PREST,877
1060,PRESO,3630
1061,PRESA,2627
1062,PREMI,3986
1063,PREGO,205
1064,PREDI,136
1065,PREAR,35
1066,PRAXI,295
1067,PRADA,517
1068,POUAR,188
1069,POTXO,5
1070,POTRA,7
1071,POTOS,2
1072,POTOL,39
1073,POTIL,2
1074,POSTA,2131
1075,POSIT,253
1076,POSAT,6351
1077,POSAR,66274
1078,PORXO,774
1079,PORUS,184
1080,PORUC,653
1081,PORTO,10
1082,PORTA,24177
1083,PORRO,647
1084,PORRA,168
1085,POROS,185
1086,PORGA,14
1087,PORCI,97
1088,PORCA,44
1089,PORAT,1
1090,POPER,8
1091,POPAR,19
1092,PONXO,13
1093,PONTO,29
1094,POMUL,180
1095,POMPO,11
1096,POMPA,556
1097,POMER,131
1098,POMAR,3
1099,POLZE,269
1100,POLPA,204
1101,POLLI,149
1102,POLLA,179
1103,POLIT,1106
1104,POLIS,45
1105,POLIR,437
1106,POLIP,90
1107,POLIE,10
1108,POLCA,73
1109,POLAR,401
1110,POISE,1
1111,POETA,11491
1112,POEMA,4697
1113,PODER,297028
1114,PODAR,321
1115,PODAL,6
1116,POCIO,57
1117,POBRE,20477
1118,POBLE,47136
1119,POBLA,20
1120,PLUTO,2
1121,PLUJA,6703
1122,PLUIG,3
1123,PLOMI,11
1124,PLOMA,3202
1125,PLINT,11
1126,PLICA,43
1127,PLEXE,109
1128,PLETA,224
1129,PLEPA,9
1130,PLENA,6
1131,PLEGO,3
1132,PLEGA,9
1133,PLECA,2
1134,PLEBS,88
1135,PLEBA,6
1136,PLATI,144
1137,PLATA,2958
1138,PLAPA,3
1139,PLANY,955
1140,PLANT,93
1141,PLANA,4821
1142,PLAGI,143
1143,PLAGA,815
1144,PLAFO,361
1145,PLAER,4225
1146,PLACA,13241
1147,PIZZA,88
1148,PIXUM,48
1149,PIXIS,11
1150,PIXEL,4
1151,PIXAT,28
1152,PIXAR,173
1153,PIVOT,58
1154,PIVET,9
1155,PIULA,56
1156,PIUAR,2
1157,PITOF,8
1158,PITJA,2
1159,PITIC,9
1160,PITEU,4
1161,PITET,30
1162,PITAM,4
1163,PISTO,177
1164,PISTA,1574
1165,PISPA,26
1166,PISAR,5
1167,PIRIC,1
1168,PIRAR,31
1169,PIRAL,17
1170,PIQUE,33
1171,PIPIU,1
1172,PIPAR,39
1173,PIOLA,1
1174,PIOCA,2
1175,PINYO,448
1176,PINYA,358
1177,PINXO,185
1178,PINTE,25
1179,PINTA,553
1180,PINSO,199
1181,PINSA,211
1182,PINOS,5
1183,PINNA,2
1184,PINCA,342
1185,PINAR,278
1186,PILOT,977
1187,PILOS,123
1188,PILOR,19
1189,PILER,13
1190,PILAR,894
1191,PIGRE,5
1192,PIGOT,66
1193,PIGOS,3
1194,PIGAT,78
1195,PIFRE,21
1196,PIFOL,1
1197,PIFIA,34
1198,PICTE,9
1199,PICOT,182
1200,PICOR,180
1201,PICEA,56
1202,PICAT,1136
1203,PICAR,2983
1204,PIANO,1963
1205,PETRI,140
1206,PETJA,380
1207,PETIT,37352
1208,PETGE,41
1209,PETER,17
1210,PETAR,798
1211,PETAL,504
1212,PESTA,1068
1213,PESOL,790
1214,PESCA,1633
1215,PESAT,1778
1216,PESAR,5136
1217,PESAL,180
1218,PERXE,57
1219,PERXA,261
1220,PERUA,60
1221,PERSA,523
1222,PEROL,314
1223,PERNA,50
1224,PERLO,1
1225,PERLI,3
1226,PERLA,1567
1227,PERIT,84
1228,PERIR,49
1229,PERER,53
1230,PERDO,2298
1231,PERCA,14
1232,PENYA,1047
1233,PENTA,3
1234,PENSA,579
1235,PENOS,796
1236,PENOL,16
1237,PENNA,9
1238,PENIS,130
1239,PENIC,87
1240,PENIA,9
1241,PENDO,175
1242,PENCA,75
1243,PENAT,109
1244,PENAR,172
1245,PENAL,860
1246,PELUT,589
1247,PELOS,106
1248,PELLO,9
1249,PELLA,109
1250,PELFO,3
1251,PELFA,59
1252,PELAT,947
1253,PELAR,872
1254,PELAG,126
1255,PEITA,18
1256,PEIRO,2
1257,PEIOT,5
1258,PEGOT,24
1259,PEGOS,3
1260,PEGAT,197
1261,PEGAS,45
1262,PEGAR,3189
1263,PEDRO,67
1264,PEDRA,13558
1265,PEDAT,1
1266,PEDAL,140
1267,PEDAC,350
1268,PECOL,6
1269,PECAT,6006
1270,PECAR,1196
1271,PEBRE,1222
1272,PEANY,2
1273,PAVIA,1
1274,PAVES,20
1275,PAUTA,776
1276,PAUSA,5270
1277,PAURA,163
1278,PAULI,40
1279,PAULA,7
1280,PATUM,242
1281,PATRO,3652
1282,PATRI,319
1283,PATIR,6937
1284,PATGE,445
1285,PATEN,6
1286,PATAC,82
1287,PASTA,2567
1288,PASSI,33
1289,PASSA,3001
1290,PARVA,3
1291,PARSI,7
1292,PARRA,292
1293,PAROT,17
1294,PARLA,1679
1295,PARIT,17
1296,PARIR,476
1297,PARIO,317
1298,PARIA,72
1299,PARET,10201
1300,PARER,1694
1301,PARCA,96
1302,PARAT,1424
1303,PARAR,9612
1304,PAPUT,1
1305,PAPUS,1
1306,PAPIR,35
1307,PAPIO,1
1308,PAPER,16763
1309,PAPAU,2
1310,PAPAT,100
1311,PAPAR,14
1312,PAPAL,274
1313,PAONA,2
1314,PANXO,18
1315,PANXA,918
1316,PANTA,350
1317,PANSA,368
1318,PANOT,2
1319,PANNA,118
1320,PANIS,154
1321,PANIC,617
1322,PANET,142
1323,PANER,222
1324,PANEL,6
1325,PANDA,4
1326,PAMPA,75
1327,PALTO,41
1328,PALMO,55
1329,PALMA,778
1330,PALLO,61
1331,PALLA,2125
1332,PALET,310
1333,PALES,1341
1334,PALER,44
1335,PALEA,7
1336,PALAU,6104
1337,PALAT,13
1338,PALAR,3
1339,PALAI,2
1340,PAIXA,39
1341,PAISA,498
1342,PAIRE,7
1343,PAIDA,4
1344,PAGRE,31
1345,PAGES,9345
1346,PAGAR,12354
1347,PADRO,165
1348,PADRI,1421
1349,PACTE,2770
1350,PABUL,22
1351,OZENA,5
1352,OVARI,327
1353,OUERA,26
1354,OTOMA,227
1355,OSTRA,384
1356,OSSUT,89
1357,OSSOS,42
1358,OSSET,14
1359,OSSAT,12
1360,OSSAM,10
1361,OSMIC,2
1362,OSCUL,33
1363,OSCAR,40
1364,ORVAL,7
1365,ORTIU,4
1366,ORSAR,18
1367,ORSAI,6
1368,OROMO,6
1369,ORNAR,294
1370,ORLAR,18
1371,ORIOL,79
1372,ORINS,124
1373,ORINA,548
1374,ORGUE,1222
1375,ORGIA,201
1376,ORGAN,3942
1377,ORFIC,28
1378,ORFEO,773
1379,OREIG,341
1380,ORDRE,19594
1381,ORDIT,393
1382,ORDIR,158
1383,ORBAR,22
1384,ORANT,28
1385,ORADA,75
1386,OPTIM,663
1387,OPTIC,634
1388,OPTAR,1031
1389,OPIAT,4
1390,OPERA,1016
1391,OPCIO,1951
1392,OPALI,53
1393,OOCIT,5
1394,ONEIG,45
1395,ONDOS,6
1396,ONDIA,30
1397,ONDAT,18
1398,ONDAR,2
1399,ONCLE,5355
1400,ONADA,2341
1401,OMENT,10
1402,OMEIA,19
1403,OMEGA,60
1404,OMEDA,28
1405,OMBRA,9413
1406,OLOTI,163
1407,OLLER,43
1408,OLLAO,5
1409,OLIVO,4
1410,OLIVA,1688
1411,OLIOS,200
1412,OLIER,12
1413,OLIBA,379
1414,OLIAR,5
1415,OLESA,3
1416,OLEIC,25
1417,OLEAT,4
1418,OLDRE,49
1419,OIMES,84
1420,OIENT,530
1421,OIDOR,178
1422,OIBLE,5
1423,OGIVA,48
1424,OFSET,19
1425,OFITA,10
1426,OFICI,6999
1427,ODIOS,600
1428,ODIAR,1500
1429,ODEON,1
1430,OCUPA,6
1431,OCUME,1
1432,OCULT,1306
1433,OCTET,3
1434,OCTAU,129
1435,OCROS,9
1436,OCIOS,270
1437,OCELL,8089
1438,OCCIR,409
1439,OCAPI,5
1440,OBTUS,171
1441,OBSES,29
1442,OBSCE,279
1443,OBRIR,21026
1444,OBRER,9118
1445,OBRAR,3441
1446,OBLIT,1739
1447,OBLIC,374
1448,OBLIA,10
1449,OBLAT,24
1450,OBILA,7
1451,OBERT,9793
1452,OBENC,14
1453,OBEIR,3615
1454,OBAGA,290
1455,NYORA,14
1456,NYOCA,3
1457,NYEPA,2
1458,NYAPA,2
1459,NUVOL,5729
1460,NURAG,1
1461,NUNCI,250
1462,NUMEN,69
1463,NUILS,1
1464,NUGOS,1
1465,NUGAR,43
1466,NUESA,466
1467,NUCLI,4480
1468,NUBIL,51
1469,NUBIA,2
1470,NUADA,7
1471,NOVII,14
1472,NOVAL,5
1473,NOURE,31
1474,NOUER,1
1475,NOTAR,5571
1476,NORMA,5008
1477,NORAI,3
1478,NOPAL,11
1479,NONAT,35
1480,NOMES,54567
1481,NOMER,87
1482,NOLIT,91
1483,NOGAT,4
1484,NOESI,7
1485,NOEMA,8
1486,NODUS,1
1487,NODUL,141
1488,NODOS,19
1489,NODAL,27
1490,NOCIU,557
1491,NOCIO,3032
1492,NOCES,775
1493,NOCAR,1
1494,NOBLE,6709
1495,NIVOS,6
1496,NIVAL,21
1497,NIUET,2
1498,NITRO,3
1499,NITRE,50
1500,NITID,254
1501,NIRVI,205
1502,NIPIS,4
1503,NIOBI,4
1504,NINOU,38
1505,NINOT,750
1506,NINOI,1
1507,NINGU,23645
1508,NIMFA,548
1509,NIMBE,111
1510,NIGUL,69
1511,NIERO,17
1512,NIERA,7
1513,NIELL,32
1514,NICOL,2
1515,NIALA,2
1516,NIADA,35
1517,NEVUS,21
1518,NEVOS,14
1519,NEVAS,1
1520,NEVAR,422
1521,NEUMA,81
1522,NEULA,169
1523,NERVI,2518
1524,NERET,31
1525,NEPTA,18
1526,NENIA,3
1527,NEGUS,10
1528,NEGRE,16442
1529,NEGRA,122
1530,NEGAT,351
1531,NEGAR,7610
1532,NEDOL,3
1533,NEDAR,1366
1534,NEBOT,1394
1535,NAVAL,432
1536,NAUTA,26
1537,NATRO,2
1538,NATJA,123
1539,NATIU,323
1540,NATAL,276
1541,NASAL,426
1542,NARIU,216
1543,NAPIA,8
1544,NAPEA,3
1545,NANSU,2
1546,NANSA,347
1547,NAIXO,19
1548,NAFTA,26
1549,NAFRA,494
1550,NAFIL,2
1551,NADIU,647
1552,NADIS,7
1553,NADIR,5
1554,NADAL,2469
1555,NACRE,264
1556,NACRA,27
1557,NACIO,7744
1558,NABIU,12
1559,NABAB,8
1560,MUTIS,596
1561,MUSTI,43
1562,MUSSA,15
1563,MUSIU,5
1564,MUSIC,2334
1565,MUSEU,3363
1566,MUSAR,2
1567,MURTO,8
1568,MURTA,89
1569,MURRI,389
1570,MURGO,3
1571,MURGA,49
1572,MURAR,16
1573,MURAL,504
1574,MUNTO,80
1575,MUNTA,18
1576,MUNIR,5
1577,MUNIO,1246
1578,MUNDA,567
1579,MULTA,499
1580,MULLA,7
1581,MULER,3
1582,MULAT,41
1583,MULAR,55
1584,MUJOL,14
1585,MUGRO,279
1586,MUGIT,26
1587,MUGIR,39
1588,MUGIC,9
1589,MUFTI,21
1590,MUFLO,5
1591,MUFLA,19
1592,MUFAR,3
1593,MUDAT,323
1594,MUDAR,1563
1595,MUCUS,6
1596,MUCRO,1
1597,MUCOS,141
1598,MUCIC,2
1599,MOURE,13053
1600,MOTXO,29
1601,MOTOR,3289
1602,MOTIU,12129
1603,MOTET,38
1604,MOTEL,19
1605,MOSTA,4
1606,MOSSO,1784
1607,MOSSA,823
1608,MOSCA,1632
1609,MORSA,20
1610,MORRO,793
1611,MORRA,6
1612,MOROS,84
1613,MORMO,33
1614,MORMA,23
1615,MORLA,1
1616,MORIR,22847
1617,MOREU,6
1618,MORET,1
1619,MORER,17
1620,MORCA,42
1621,MORAT,1172
1622,MORAL,10138
1623,MONYO,267
1624,MONYA,10
1625,MONTE,18
1626,MONTA,19
1627,MONSO,51
1628,MONJO,2020
1629,MONJA,2257
1630,MONGI,2
1631,MONGE,18
1632,MOMIA,217
1633,MOLTO,587
1634,MOLTA,102
1635,MOLSA,804
1636,MOLLS,37
1637,MOLLO,24
1638,MOLLA,601
1639,MOLER,25
1640,MOLAR,227
1641,MOIXO,171
1642,MOIXI,53
1643,MOIXA,32
1644,MOIRA,11
1645,MOHER,5
1646,MOGUT,483
1647,MOGOL,27
1648,MOFAR,238
1649,MODUL,406
1650,MODOL,5
1651,MODIC,155
1652,MODEM,49
1653,MODEL,7360
1654,MODAL,163
1655,MOCOS,78
1656,MOCIO,261
1657,MOCAT,6
1658,MOCAR,179
1659,MOBLE,2459
1660,MOBIL,1384
1661,MOARE,34
1662,MIULA,3
1663,MITRA,264
1664,MITJO,379
1665,MITJA,22486
1666,MITIC,811
1667,MITAT,403
1668,MISTO,272
1669,MISSA,5476
1670,MISER,322
1671,MIRRA,153
1672,MIRAT,302
1673,MIRAR,45280
1674,MIOSI,12
1675,MIOMA,15
1676,MIOCE,202
1677,MINYO,2917
1678,MINVA,499
1679,MINUT,7096
1680,MINSO,602
1681,MINIM,5472
1682,MINGO,6
1683,MINER,397
1684,MINAR,276
1685,MIMIC,46
1686,MIMAR,63
1687,MILLA,559
1688,MILIO,8096
1689,MILER,2921
1690,MIDAR,113
1691,MICRO,46
1692,MICRA,21
1693,MICET,17
1694,MEULO,2
1695,MEUCA,190
1696,METXA,191
1697,METRO,619
1698,METRE,13950
1699,METOL,24
1700,METIL,43
1701,METGE,8243
1702,METEC,31
1703,MESAR,4
1704,MERLA,337
1705,MERIT,2955
1706,MERDA,597
1707,MERCE,2154
1708,MENYS,26770
1709,MENUT,3636
1710,MENTO,198
1711,MENTA,405
1712,MENOR,5335
1713,MENJA,462
1714,MENGO,3
1715,MENER,49
1716,MENAR,3455
1717,MELVA,12
1718,MELSA,154
1719,MELOS,225
1720,MELIS,42
1721,MELIC,184
1722,MELIA,2
1723,MELGO,2
1724,MELGA,9
1725,MELER,2
1726,MELCA,12
1727,MELAT,14
1728,MEDIS,3
1729,MEDIC,1629
1730,MEDIA,37
1731,MAXIM,7245
1732,MAURI,5
1733,MAULA,96
1734,MATXO,467
1735,MATIS,1484
1736,MATAR,9567
1737,MASTI,95
1738,MASSA,28955
1739,MASIA,2619
1740,MASER,1
1741,MASEC,2
1742,MARXA,4810
1743,MARTA,43
1744,MARRO,368
1745,MARRA,164
1746,MAROR,251
1747,MARIT,7029
1748,MARIA,457
1749,MARGE,4459
1750,MARGA,382
1751,MARES,96
1752,MAREA,291
1753,MARDA,9
1754,MARCA,2525
1755,MAQUI,24
1756,MAPAR,17
1757,MAORI,78
1758,MANYA,604
1759,MANXU,20
1760,MANXO,1
1761,MANXA,165
1762,MANTO,85
1763,MANTI,45
1764,MANTA,856
1765,MANOS,3
1766,MANOI,58
1767,MANNA,106
1768,MANIL,3
1769,MANIA,960
1770,MANGO,29
1771,MANES,14
1772,MANER,9
1773,MANEC,646
1774,MANCO,549
1775,MANCA,5340
1776,MANAT,498
1777,MANAR,5818
1778,MAMUT,139
1779,MAMEI,4
1780,MAMBO,12
1781,MAMAR,353
1782,MALVI,51
1783,MALVA,386
1784,MALUC,239
1785,MALTA,26
1786,MALSA,167
1787,MALLO,1
1788,MALLA,857
1789,MALIC,19
1790,MALBO,1
1791,MALBE,846
1792,MALAR,6
1793,MALAI,35
1794,MAJOR,19862
1795,MAIXE,5
1796,MAIRE,5
1797,MAINA,39
1798,MAIMO,26
1799,MAGRE,1130
1800,MAGNE,576
1801,MAGMA,97
1802,MAGIC,1907
1803,MAGIA,696
1804,MAFIA,79
1805,MADUR,1899
1806,MACLA,8
1807,MACIS,6
1808,MACIP,90
1809,MACER,46
1810,MACAR,31
1811,MABRE,15
1812,LUXOS,489
1813,LUXAR,2
1814,LUPUS,17
1815,LUNAR,270
1816,LUMEN,20
1817,LUDIO,2
1818,LUDIC,281
1819,LUCRE,211
1820,LUCID,478
1821,LOTUS,59
1822,LONGA,1
1823,LOGIC,4041
1824,LOGIA,74
1825,LOESS,72
1826,LOCUS,8
1827,LOCIO,117
1828,LOCAL,9159
1829,LOBUL,291
1830,LOBEL,1
1831,LOBAT,9
1832,LOBAR,4
1833,LLUSC,12
1834,LLUOR,91
1835,LLUNY,13647
1836,LLUNA,6960
1837,LLUMI,308
1838,LLUIT,361
1839,LLUIS,87
1840,LLUIR,4
1841,LLUFA,48
1842,LLUER,28
1843,LLUCA,1
1844,LLOSC,37
1845,LLOSA,1558
1846,LLORO,348
1847,LLORD,92
1848,LLORA,18
1849,LLONG,37
1850,LLOMA,38
1851,LLOGA,2
1852,LLOCA,248
1853,LLOBI,46
1854,LLOBA,155
1855,LLOAR,1258
1856,LLIRI,933
1857,LLIMO,109
1858,LLIMA,193
1859,LLIGO,2
1860,LLIGA,1768
1861,LLICO,3487
1862,LLICA,66
1863,LLEVA,362
1864,LLETO,13
1865,LLEST,1649
1866,LLERA,34
1867,LLEPO,5
1868,LLEPA,10
1869,LLENY,46
1870,LLENC,289
1871,LLEIG,1599
1872,LLEGO,5
1873,LLEDO,24
1874,LLAVI,7042
1875,LLAUT,392
1876,LLATI,4939
1877,LLATA,102
1878,LLAST,262
1879,LLARG,29020
1880,LLARD,372
1881,LLAOR,111
1882,LLANA,2238
1883,LLAMP,2327
1884,LLAMI,40
1885,LLAMA,61
1886,LLAGA,479
1887,LLACA,14
1888,LIVID,282
1889,LITXI,1
1890,LITUA,364
1891,LITRE,2235
1892,LITIC,97
1893,LIRIC,1213
1894,LIPID,52
1895,LINIA,10074
1896,LIMIT,6810
1897,LIMFA,85
1898,LIMBE,52
1899,LILOS,16
1900,LIGUR,9
1901,LIGNI,1
1902,LIGNE,1
1903,LIGHT,35
1904,LIDER,1047
1905,LICOR,792
1906,LICIT,742
1907,LICEU,115
1908,LICAO,1
1909,LIBRA,108
1910,LIBIC,19
1911,LIBER,48
1912,LIBEL,33
1913,LIBAR,66
1914,LIANA,138
1915,LEXIC,805
1916,LETAL,81
1917,LESIU,32
1918,LESIO,1586
1919,LESBI,5
1920,LEPTO,18
1921,LEPRA,211
1922,LEMUR,24
1923,LEGIO,452
1924,LEGAT,105
1925,LEGAL,2830
1926,LAXAR,3
1927,LAUDE,36
1928,LAUDA,18
1929,LATEX,41
1930,LASER,184
1931,LARVA,669
1932,LARIX,21
1933,LARGO,15
1934,LAPSE,174
1935,LANDO,85
1936,LANDA,59
1937,LAMIA,4
1938,LAMED,6
1939,LADAN,2
1940,LACTI,153
1941,LACRE,27
1942,LACAT,48
1943,LACAR,10
1944,LACAI,247
1945,LABOR,958
1946,LABIL,30
1947,LABEL,4
1948,KRAFT,2
1949,KOINE,15
1950,KHMER,4
1951,KENYA,4
1952,KENAF,1
1953,KAURI,1
1954,KARRI,2
1955,KAPPA,3
1956,JUTGE,3488
1957,JUSTA,69
1958,JUSSA,39
1959,JURAT,1950
1960,JURAR,2998
1961,JUNTA,4375
1962,JUNCA,5
1963,JUMEL,4
1964,JULIA,41
1965,JULEP,5
1966,JUGAR,9745
1967,JUGAL,2
1968,JUDES,25
1969,JOVIA,19
1970,JOVER,2
1971,JOULE,22
1972,JORDA,5
1973,JONIC,164
1974,JONEC,8
1975,JONCA,31
1976,JOLIU,143
1977,JOIOS,1192
1978,JOIER,114
1979,JOELL,12
1980,JOCOS,51
1981,JOANI,2
1982,JOANA,9
1983,JEURE,2105
1984,JESUS,13
1985,JAURE,2
1986,JASPI,72
1987,JARDI,7677
1988,JAQUE,147
1989,JANOT,3
1990,JAMAI,1200
1991,IXENT,341
1992,IVORI,196
1993,ISTME,92
1994,ISQUI,2
1995,ISOET,2
1996,ISLAM,599
1997,ISARD,237
1998,IRONA,1
1999,IRIDI,25
2000,IONIC,54
2001,IOGUI,12
2002,IODUR,89
2003,IODIC,15
2004,IODAT,56
2005,IODAR,2
2006,IO-IO,1
2007,INUIT,26
2008,INTRO,1
2009,INTIM,4002
2010,INOIT,51
2011,INNAT,622
2012,INICI,2422
2013,INFUS,225
2014,INFIX,6
2015,INFIM,392
2016,INFER,11
2017,INERT,401
2018,INDIC,65
2019,INDIA,105
2020,INDEX,1917
2021,INCUS,8
2022,INCIS,274
2023,IMPUR,476
2024,IMPIU,343
2025,IMANT,204
2026,IMAGO,24
2027,ILOTA,10
2028,ILLOT,377
2029,ILIUM,4
2030,ILIAC,124
2031,ILEUS,3
2032,ILEUM,13
2033,ILEAL,10
2034,IGUAL,15428
2035,IGNOT,176
2036,IGNAR,37
2037,IDONI,514
2038,IDOLA,37
2039,IDEAR,446
2040,IDEAL,6534
2041,ICTUS,169
2042,ICONA,370
2043,IARDA,115
2044,IAMBE,11
2045,HURRA,44
2046,HUMUS,280
2047,HUMOR,2449
2048,HUMIT,3511
2049,HUMIL,3735
2050,HUMIC,16
2051,HUMER,111
2052,HULLA,185
2053,HOTEL,2716
2054,HOSTE,1131
2055,HORTA,1857
2056,HORST,15
2057,HORDA,82
2058,HONRA,956
2059,HONOR,5226
2060,HOMEI,20
2061,HISPA,150
2062,HISOP,74
2063,HIPIC,29
2064,HINDU,259
2065,HINDI,16
2066,HIMNE,1216
2067,HIMEN,22
2068,HILUM,1
2069,HILAR,2
2070,HIJAB,2
2071,HIENA,190
2072,HIDRA,56
2073,HIALI,19
2074,HEVEA,2
2075,HEURA,612
2076,HERTZ,22
2077,HEROI,2091
2078,HEREU,4730
2079,HERBA,5864
2080,HEPTA,3
2081,HENRY,1
2082,HENNA,2
2083,HEMIO,5
2084,HELIX,153
2085,HEDRA,7
2086,HAVER,144
2087,HAREM,101
2088,HAPTE,4
2089,HAPAX,1
2090,HANSA,8
2091,HAMPA,10
2092,HAMER,1
2093,HALUR,1
2094,HALIT,79
2095,HALAR,33
2096,HALAL,3
2097,HAJAR,51
2098,HAIKU,8
2099,HAFNI,2
2100,HADRO,19
2101,HADIT,4
2102,HADES,86
2103,HADAL,1
2104,HABIT,1991
2105,HABIL,982
2106,GUTXO,2
2107,GUSSI,117
2108,GUSLA,3
2109,GUMIA,12
2110,GULES,14
2111,GUIXO,7
2112,GUIXA,52
2113,GUISA,331
2114,GUINO,2
2115,GUIER,3
2116,GUIAR,2471
2117,GUETO,28
2118,GUERX,1
2119,GUELL,5
2120,GUELF,18
2121,GUBIA,44
2122,GUARA,147
2123,GUAPO,741
2124,GUANY,1965
2125,GUANT,918
2126,GUANO,252
2127,GUAIX,21
2128,GRUTA,296
2129,GRUNY,117
2130,GRUIX,2533
2131,GRUFA,1
2132,GRUER,4
2133,GRUAT,6
2134,GRUAR,82
2135,GROPA,139
2136,GRONY,3
2137,GRIVA,92
2138,GRISU,15
2139,GRISO,5
2140,GRIOT,2
2141,GRILL,597
2142,GRIFO,128
2143,GRIFA,10
2144,GRIAL,58
2145,GRESA,10
2146,GRENY,36
2147,GREMI,2156
2148,GRELL,21
2149,GREIX,1226
2150,GREDA,45
2151,GRECA,10
2152,GREAL,5
2153,GRAVA,292
2154,GRAPA,408
2155,GRANA,762
2156,GRALL,4
2157,GRADA,201
2158,GOTZO,1
2159,GOTOS,58
2160,GOTIM,56
2161,GOTIC,1856
2162,GOSSA,285
2163,GOSAT,98
2164,GOSAR,5690
2165,GORRI,7
2166,GORRA,1205
2167,GORJA,687
2168,GORGA,98
2169,GONIO,24
2170,GOMOS,48
2171,GOMER,1
2172,GOMAT,3
2173,GOLUT,116
2174,GOLOS,51
2175,GOLFO,46
2176,GOLFA,627
2177,GOJOS,164
2178,GOJAT,23
2179,GOJAR,111
2180,GODUA,15
2181,GOBIT,2
2182,GNOSI,14
2183,GNEIS,70
2184,GLUTI,47
2185,GLUMA,8
2186,GLOTO,3
2187,GLOSA,157
2188,GLEVA,321
2189,GLERA,58
2190,GLAVI,239
2191,GLAUC,55
2192,GLAST,1
2193,GLAND,23
2194,GLACO,26
2195,GLACE,40
2196,GLACA,19
2197,GITAT,62
2198,GITAR,372
2199,GITAM,5
2200,GISCA,5
2201,GIRIC,3
2202,GIRAT,469
2203,GIRAR,9079
2204,GIJOL,2
2205,GIHAD,5
2206,GIGRE,10
2207,GICAR,23
2208,GESTA,1048
2209,GESPA,242
2210,GERRO,658
2211,GERRA,794
2212,GERMA,13098
2213,GERGA,3
2214,GERDO,5
2215,GEPIC,6
2216,GEODA,4
2217,GENUI,611
2218,GENIC,32
2219,GENET,432
2220,GENER,4046
2221,GEMMA,163
2222,GEMIR,61
2223,GEMEC,1102
2224,GEMAT,200
2225,GELOS,964
2226,GELOR,100
2227,GELIU,61
2228,GELID,137
2229,GELEA,22
2230,GELAT,909
2231,GELAR,330
2232,GEBRE,237
2233,GAVOT,12
2234,GAVIA,33
2235,GAVET,1
2236,GAUSS,10
2237,GAUGE,1
2238,GAUDI,559
2239,GATGE,26
2240,GASSA,8
2241,GASOS,276
2242,GASIU,124
2243,GASCO,185
2244,GASAR,1
2245,GARSA,323
2246,GARRO,74
2247,GARRI,142
2248,GARRA,57
2249,GARFI,51
2250,GARDI,3
2251,GARBO,49
2252,GARBI,232
2253,GARBA,423
2254,GANYO,11
2255,GANYA,137
2256,GANXO,520
2257,GANXA,7
2258,GANUT,8
2259,GANSO,16
2260,GANGA,228
2261,GAMMA,813
2262,GAMBA,135
2263,GAMAR,11
2264,GALZE,38
2265,GALTA,3120
2266,GALOP,312
2267,GALLO,17
2268,GALIO,48
2269,GALIB,15
2270,GALGA,16
2271,GALFO,4
2272,GALET,131
2273,GALER,4
2274,GALDA,6
2275,GALBA,2
2276,GAITA,68
2277,GAIRO,8
2278,GAIAT,5
2279,GAIAL,7
2280,GAFET,39
2281,GABRE,4
2282,GABIO,7
2283,GABIA,1306
2284,GABAR,1
2285,FUTUR,9534
2286,FUTIL,134
2287,FUSTA,7788
2288,FUSIO,1081
2289,FUSET,5
2290,FUSAT,6
2291,FURRO,2
2292,FUROT,2
2293,FUROR,623
2294,FURIA,1516
2295,FURGO,63
2296,FURGA,2
2297,FURER,1
2298,FURAR,14
2299,FURAN,2
2300,FUNDA,193
2301,FUMOS,108
2302,FUMER,197
2303,FUMAT,290
2304,FUMAR,2294
2305,FULLA,10147
2306,FUITA,116
2307,FUGIR,11089
2308,FUGAT,22
2309,FUGAC,385
2310,FUENT,5
2311,FUELL,12
2312,FUCUS,6
2313,FRUIT,7536
2314,FRUIR,1471
2315,FRONT,7714
2316,FRISO,25
2317,FRIGI,61
2318,FRESC,5716
2319,FRESA,26
2320,FREGA,140
2321,FRASE,5864
2322,FRARO,1
2323,FRARE,2324
2324,FRANC,3880
2325,FRAGA,6
2326,FOVEA,9
2327,FOTRE,1058
2328,FOTJA,81
2329,FOTIL,92
2330,FOTIC,1
2331,FOSSA,864
2332,FOSFE,2
2333,FOSCA,3096
2334,FORUM,326
2335,FORTI,56
2336,FORTE,18
2337,FORRO,78
2338,FORRA,31
2339,FORMO,7
2340,FORMI,2
2341,FORMA,43056
2342,FORJA,211
2343,FORCO,1
2344,FORCA,36201
2345,FORAT,3382
2346,FORAL,229
2347,FONIC,146
2348,FONER,27
2349,FONDO,3173
2350,FONDA,989
2351,FONAR,6
2352,FOLRO,17
2353,FOLRE,48
2354,FOLIC,8
2355,FOLGA,23
2356,FOGOT,20
2357,FOGOS,212
2358,FOGOR,2
2359,FOGAR,273
2360,FOGAL,2
2361,FOEHN,16
2362,FOCUS,1090
2363,FOCEU,27
2364,FOCAL,98
2365,FOBIA,123
2366,FLUOR,54
2367,FLUIX,1336
2368,FLUIR,486
2369,FLUID,805
2370,FLOTO,22
2371,FLOTA,612
2372,FLORO,90
2373,FLORI,406
2374,FLORA,607
2375,FLOCA,59
2376,FLIRT,67
2377,FLINT,1
2378,FLEIX,8
2379,FLECA,160
2380,FLASC,13
2381,FLANC,722
2382,FLAMI,2
2383,FLAMA,3506
2384,FLAIX,71
2385,FIXAT,1139
2386,FIXAR,8454
2387,FITXA,788
2388,FITOR,2
2389,FITER,7
2390,FITAT,10
2391,FITAR,514
2392,FISTO,68
2393,FISIC,7441
2394,FISCA,1
2395,FIRMA,898
2396,FIRAR,47
2397,FIRAL,93
2398,FIORD,103
2399,FIOLA,12
2400,FINTA,11
2401,FINOR,425
2402,FINIR,1284
2403,FINES,51
2404,FINCA,1875
2405,FINAR,489
2406,FINAL,13221
2407,FILUM,12
2408,FILOS,15
2409,FILIA,11
2410,FILET,263
2411,FILAT,528
2412,FILAR,839
2413,FIGLE,6
2414,FIDEU,204
2415,FIDEL,4987
2416,FICUS,28
2417,FICTE,5
2418,FICAR,6415
2419,FIBRA,2079
2420,FIBLO,212
2421,FIBLE,18
2422,FIBLA,9
2423,FETUS,321
2424,FETOR,150
2425,FETJO,2
2426,FETID,110
2427,FETGE,1205
2428,FETAL,121
2429,FESTI,228
2430,FESTA,14208
2431,FESOL,296
2432,FERUM,228
2433,FERRO,5940
2434,FERRI,303
2435,FERRE,198
2436,FEROC,205
2437,FERLA,1
2438,FERIT,2438
2439,FERIR,2677
2440,FERIA,49
2441,FERAM,54
2442,FERAL,4
2443,FERAC,21
2444,FENOL,40
2445,FENIX,68
2446,FENIL,3
2447,FENIA,6
2448,FENER,21
2449,FENAS,76
2450,FENAR,1
2451,FENAL,6
2452,FEMUR,168
2453,FEMTA,162
2454,FEMER,312
2455,FEMAR,114
2456,FELUS,1
2457,FELLO,51
2458,FELIC,5759
2459,FEIXO,1
2460,FEIXI,3
2461,FEIXA,470
2462,FEINA,13809
2463,FEDAI,1
2464,FECAL,73
2465,FEBRE,2510
2466,FEBLE,3170
2467,FAVOR,7865
2468,FAVER,1
2469,FAVAR,13
2470,FAUVE,55
2471,FAUST,41
2472,FAUNE,75
2473,FAUNA,927
2474,FAULA,712
2475,FATXA,115
2476,FATIC,146
2477,FATAL,1529
2478,FASTS,2
2479,FASOS,10
2480,FASIC,7
2481,FARTO,7
2482,FARSA,509
2483,FARRO,8
2484,FAROT,1
2485,FARIA,70
2486,FARGA,568
2487,FARDA,42
2488,FARAO,542
2489,FANGA,73
2490,FANAL,1389
2491,FAMUL,9
2492,FAMOS,5097
2493,FALUA,3
2494,FALTA,5384
2495,FALLA,1724
2496,FALDO,144
2497,FALDA,1458
2498,FALCO,378
2499,FALCA,80
2500,FAJOL,101
2501,FAIXO,11
2502,FAIXI,6
2503,FAIXA,1435
2504,FAITO,2
2505,FAISO,942
2506,FAISA,94
2507,FAICO,44
2508,FAGOT,55
2509,FAETO,44
2510,FAENT,14
2511,FAENA,249
2512,FADRI,1471
2513,FADOR,18
2514,FADAR,18
2515,FACIL,8688
2516,EXVOT,113
2517,EXTRA,211
2518,EXODE,393
2519,EXINA,6
2520,EXIMI,107
2521,EXILI,1406
2522,EXIGU,196
2523,EXERG,2
2524,EXCES,3027
2525,EUNUC,120
2526,ETUSA,1
2527,ETOLI,12
2528,ETNIC,772
2529,ETNIA,214
2530,ETIOP,43
2531,ETILE,38
2532,ETHOS,75
2533,ETERN,5560
2534,ETERI,306
2535,ETAPA,4218
2536,ESTUF,10
2537,ESTUC,147
2538,ESTRI,859
2539,ESTRE,95
2540,ESTOR,29
2541,ESTOP,34
2542,ESTOL,1195
2543,ESTOC,508
2544,ESTIU,7766
2545,ESTIM,1
2546,ESTIL,7217
2547,ESTIC,9
2548,ESTES,3026
2549,ESTER,31
2550,ESTEL,2880
2551,ESTAT,34529
2552,ESTAR,147192
2553,ESTAM,362
2554,ESTAI,16
2555,ESSER,1307206
2556,ESQUI,730
2557,ESPUT,35
2558,ESPOT,48
2559,ESPOS,1573
2560,ESPIO,3
2561,ESPIC,3
2562,ESPIA,343
2563,ESPET,6
2564,ESPES,3089
2565,ESPER,11
2566,ESPAT,19
2567,ESPAI,13487
2568,ESNOB,135
2569,ESMUS,33
2570,ESMAR,5
2571,ESLIP,73
2572,ESLAU,407
2573,ESCUT,2196
2574,ESCUA,2
2575,ESCRU,6
2576,ESCOT,305
2577,ESCOA,1
2578,ESCAT,13
2579,ESCAS,3783
2580,ESCAR,112
2581,ESCAP,8
2582,ESBOS,481
2583,ESBAT,1
2584,ERUGA,368
2585,ERTIC,24
2586,ERROR,4420
2587,ERRAR,1083
2588,EROLA,36
2589,ERMOT,133
2590,ERMAS,51
2591,ERMAR,6
2592,ERINA,1
2593,ERICO,230
2594,ERERA,3
2595,ERARI,64
2596,ERADA,6
2597,EQUIP,4674
2598,EPULO,4
2599,EPODE,5
2600,EPOCA,17539
2601,EPICE,1
2602,EOLIC,177
2603,ENZIM,291
2604,ENYOR,397
2605,ENVOL,9
2606,ENVIT,71
2607,ENVAS,220
2608,ENULA,2
2609,ENUIG,546
2610,ENTRE,99108
2611,ENTES,2191
2612,ENTER,1494
2613,ENSUS,8
2614,ENSUM,5
2615,ENROC,4
2616,ENMIG,6879
2617,ENLLA,9661
2618,ENJUS,3
2619,ENJUB,4
2620,ENGIR,35
2621,ENFIT,41
2622,ENEMA,3
2623,ENDUR,4218
2624,ENDOS,11
2625,ENCLI,17
2626,ENCIS,1383
2627,ENCET,3
2628,ENCES,3295
2629,ENCEP,33
2630,ENCEB,1
2631,EMPRE,5
2632,EMPIT,2
2633,EMPES,138
2634,EMPAT,207
2635,EMBUT,570
2636,EMBUS,94
2637,EMBOS,3
2638,EMBOL,61
2639,EMBOC,23
2640,EMBAT,277
2641,ELUIR,2
2642,ELOGI,1488
2643,ELISI,15
2644,ELENC,51
2645,ELEMI,1
2646,ELAPE,18
2647,EIXUT,1476
2648,EIXIU,1
2649,EIXIT,304
2650,EIXIR,7102
2651,EIXEA,6
2652,EIXAU,3
2653,EIXAM,558
2654,EINAM,11
2655,EIDER,1
2656,EGUER,7
2657,EGIDA,74
2658,EFESI,34
2659,EDETA,8
2660,EDEMA,131
2661,DUTXA,386
2662,DURAR,6380
2663,DURAN,5
2664,DUPLE,6
2665,DUODE,33
2666,DUNAR,3
2667,DULIA,5
2668,DULER,3
2669,DUJAR,1
2670,DUCAT,485
2671,DUCAL,42
2672,DUBTE,11648
2673,DUANA,365
2674,DRUSA,4
2675,DRUPA,28
2676,DROPO,114
2677,DROGA,1015
2678,DRING,323
2679,DRETA,93
2680,DRAMA,2105
2681,DRAGO,391
2682,DRAGA,14
2683,DOTZE,4721
2684,DOTAR,1202
2685,DOTAL,153
2686,DOSET,7
2687,DOSAR,18
2688,DORIC,133
2689,DORCA,14
2690,DOPAR,2
2691,DONJA,1
2692,DONER,10
2693,DONCS,43702
2694,DONAT,3169
2695,DONAR,109997
2696,DONAM,3
2697,DOMUS,10
2698,DOMER,12
2699,DOMAS,525
2700,DOMAR,183
2701,DOLOS,9
2702,DOLOR,8161
2703,DOLLA,10
2704,DOLAR,854
2705,DOIUT,5
2706,DOGON,13
2707,DOGMA,845
2708,DOGAL,94
2709,DOCTE,430
2710,DOCIL,606
2711,DOBLO,15
2712,DOBLE,5749
2713,DOBLA,167
2714,DIVIS,9
2715,DIVAN,174
2716,DIURN,317
2717,DITET,2
2718,DIPOL,5
2719,DIOIC,32
2720,DIODE,8
2721,DINOU,557
2722,DINGO,3
2723,DINER,10861
2724,DINDI,145
2725,DINAR,4952
2726,DINAL,28
2727,DIMER,16
2728,DIGNE,5456
2729,DIGIT,51
2730,DIGEN,1
2731,DIFUS,559
2732,DIETA,636
2733,DIESI,29
2734,DIDOT,46
2735,DIDIM,4
2736,DIDAL,103
2737,DIARI,8361
2738,DIANA,100
2739,DIADA,1578
2740,DIACA,322
2741,DEVOT,1722
2742,DEUTE,1683
2743,DEURE,44024
2744,DESUS,284
2745,DESTI,3987
2746,DESIG,9786
2747,DESCA,10
2748,DESAR,552
2749,DERNA,6
2750,DERMA,1
2751,DERIA,842
2752,DERBI,28
2753,DENOU,54
2754,DENIM,1
2755,DENER,9
2756,DEMOR,1
2757,DEMES,6352
2758,DELTA,793
2759,DELME,286
2760,DELLA,116
2761,DELIT,1182
2762,DELIR,420
2763,DELGA,2
2764,DELFI,76
2765,DELER,672
2766,DELCO,7
2767,DELAT,3
2768,DEJUS,22
2769,DEIXA,219
2770,DEGUT,2664
2771,DEDAL,15
2772,DECOR,31
2773,DECIM,187
2774,DECES,30
2775,DEBUT,176
2776,DEBIT,47
2777,DEBIL,1574
2778,DEBAT,1746
2779,DATXA,3
2780,DATIU,165
2781,DATIL,121
2782,DATAR,925
2783,DARIC,1
2784,DARGA,7
2785,DANSA,2451
2786,DANES,354
2787,DANDI,77
2788,DAMAS,19
2789,DALLO,17
2790,DALLA,267
2791,DALIA,93
2792,DALET,7
2793,DAIXO,18
2794,DAINA,194
2795,DADOR,9
2796,DACSA,72
2797,DACIO,6
2798,CUTIS,147
2799,CUTER,19
2800,CUSSA,29
2801,CURUL,4
2802,CURSI,159
2803,CURSA,1332
2804,CURRO,63
2805,CURRI,6
2806,CURRA,17
2807,CUROS,148
2808,CURIE,7
2809,CURIA,300
2810,CURAT,339
2811,CURAR,2614
2812,CUMUL,270
2813,CUMEL,8
2814,CULTE,3373
2815,CULPA,4633
2816,CULOT,38
2817,CULLA,1
2818,CULET,3
2819,CULER,8
2820,CULAR,8
2821,CUIXE,18
2822,CUIXA,1220
2823,CUITA,392
2824,CUIRO,698
2825,CUINA,5647
2826,CUGUL,8
2827,CUGUC,4
2828,CUGOT,10
2829,CUETA,10
2830,CUERA,32
2831,CUDOL,18
2832,CUCUT,338
2833,CUCAT,5
2834,CUCAR,1
2835,CUBIT,54
2836,CUBIC,665
2837,CUADA,2
2838,CRUPO,2
2839,CRUOR,2
2840,CRUIX,3
2841,CRUIA,6
2842,CRUEL,2223
2843,CROMO,154
2844,CROCA,5
2845,CROAT,433
2846,CRISI,5471
2847,CRINA,8
2848,CRIDA,1306
2849,CRIAT,2132
2850,CRIAR,2104
2851,CRETI,155
2852,CRETA,64
2853,CRESP,55
2854,CREPE,15
2855,CREMA,969
2856,CREDO,339
2857,CREAR,12556
2858,CRASI,12
2859,CRANI,1119
2860,COXAL,6
2861,COVAR,557
2862,COVAL,108
2863,COURE,3710
2864,COTXE,5454
2865,COTXA,40
2866,COTNA,48
2867,COTAR,5
2868,COSTA,6657
2869,COSSI,168
2870,COSIT,258
2871,COSIR,1246
2872,COSCO,14
2873,COSAC,38
2874,CORRO,172
2875,CORNI,54
2876,CORMA,6
2877,CORFA,70
2878,COREA,52
2879,CORDO,876
2880,CORDA,4476
2881,CORCO,127
2882,CORBA,1512
2883,CORAL,1114
2884,COQUI,52
2885,COPTE,65
2886,COPRO,1
2887,COPRA,30
2888,COPIO,11
2889,COPIA,1884
2890,COPER,47
2891,COPEO,27
2892,COPAT,10
2893,COPAR,47
2894,COPAL,18
2895,CONYA,66
2896,CONXA,59
2897,CONUS,3
2898,CONTE,1761
2899,CONRO,21
2900,CONIC,394
2901,CONGA,20
2902,CONFI,308
2903,CONDO,31
2904,CONCO,130
2905,CONCA,1746
2906,CONAT,32
2907,COMTE,6433
2908,COMIT,27
2909,COMIS,9
2910,COMIC,1421
2911,COMAR,6
2912,COMAL,3
2913,COLZE,1092
2914,COLZA,63
2915,COLUR,1
2916,COLOS,106
2917,COLOR,18356
2918,COLON,222
2919,COLOM,1527
2920,COLOB,1
2921,COLLO,317
2922,COLLA,3900
2923,COLIT,5
2924,COLIS,9
2925,COLIC,169
2926,COLGA,32
2927,COLER,7
2928,COLAR,295
2929,COIXI,1580
2930,COIPU,1
2931,COIOT,8
2932,COFRE,202
2933,COFOI,295
2934,COFIA,129
2935,COFAT,112
2936,COFAR,74
2937,COENT,207
2938,CODOL,476
2939,CODIS,17
2940,CODEX,226
2941,CODER,1
2942,COCOU,3
2943,COBRO,77
2944,COBRA,67
2945,COBLE,15
2946,COBLA,846
2947,COBAI,29
2948,COATI,7
2949,COANA,8
2950,COALA,8
2951,CLUSA,3
2952,CLUCA,1
2953,CLOWN,94
2954,CLOVA,126
2955,CLOTA,17
2956,CLOSA,92
2957,CLOFA,7
2958,CLOCA,82
2959,CLIXE,287
2960,CLIPI,1
2961,CLINA,20
2962,CLIMA,3640
2963,CLERO,310
2964,CLEDA,227
2965,CLECA,6
2966,CLAVA,32
2967,CLAST,1
2968,CLARO,2
2969,CLARI,161
2970,CLARA,173
2971,CLAPA,546
2972,CLAMP,6
2973,CLACA,38
2974,CIVIL,7624
2975,CIVIC,798
2976,CIVET,22
2977,CIURO,82
2978,CITRO,4
2979,CITRI,4
2980,CITAR,4252
2981,CISTA,66
2982,CISMA,212
2983,CISAR,15
2984,CIRER,7
2985,CIRCA,35
2986,CINTO,7
2987,CINTA,1587
2988,CINIC,418
2989,CIMER,19
2990,CIMAR,1
2991,CIMAL,331
2992,CIGRO,286
2993,CIGNI,1
2994,CIGNE,344
2995,CIGAR,533
2996,CICLO,111
2997,CICLE,2342
2998,CETIL,1
2999,CESAR,280
3000,CERVO,70
3001,CERVI,9
3002,CERVA,17
3003,CERUT,1
3004,CERRO,3
3005,CERRA,47
3006,CEROS,30
3007,CERER,49
3008,CERDA,133
3009,CERCA,448
3010,CERAT,9
3011,CEPAT,220
3012,CENTO,2
3013,CENTE,21
3014,CELTA,240
3015,CELLA,1106
3016,CELIC,86
3017,CELAT,16
3018,CELAR,28
3019,CEIBA,16
3020,CEGAR,248
3021,CEDRE,203
3022,CEDIR,3013
3023,CECAL,12
3024,CEBAR,14
3025,CAVUM,3
3026,CAVET,8
3027,CAVEC,71
3028,CAVEA,7
3029,CAVAR,650
3030,CAUSA,19600
3031,CAURE,23390
3032,CATXO,8
3033,CATXA,3
3034,CATRE,184
3035,CATIO,129
3036,CATET,32
3037,CATAU,160
3038,CATAR,56
3039,CASTA,1086
3040,CASSO,45
3041,CASSA,76
3042,CASPI,10
3043,CASPA,28
3044,CASOT,30
3045,CASOR,1
3046,CASCU,29
3047,CASCA,9
3048,CASBA,21
3049,CASAR,7516
3050,CASAL,2171
3051,CARTO,458
3052,CARTA,10270
3053,CARST,29
3054,CARRO,3359
3055,CARPO,45
3056,CARPI,2
3057,CARPA,174
3058,CAROR,1
3059,CARNI,38
3060,CARMI,230
3061,CARLI,1108
3062,CARLA,26
3063,CARGA,155
3064,CAREX,21
3065,CARES,43
3066,CAREI,52
3067,CARDO,7
3068,CARDA,46
3069,CARCA,46
3070,CARBO,2994
3071,CARAT,105
3072,CARAM,296
3073,CAQUI,59
3074,CAPTA,105
3075,CAPSA,1815
3076,CAPOT,171
3077,CAPOL,1
3078,CAPIR,514
3079,CAPET,6
3080,CAPEL,23
3081,CAPCO,16
3082,CAPCA,16
3083,CAPAT,23
3084,CAPAR,49
3085,CAPAC,7897
3086,CAOLI,39
3087,CAOBA,226
3088,CANYO,28
3089,CANYA,2314
3090,CANVI,25384
3091,CANUT,93
3092,CANTO,3431
3093,CANOT,34
3094,CANOS,14
3095,CANOR,14
3096,CANON,766
3097,CANOA,128
3098,CANET,10
3099,CANEM,620
3100,CANDI,75
3101,CANCO,7456
3102,CANCA,1
3103,CANAT,7
3104,CANAR,11
3105,CANAL,3283
3106,CANAC,5
3107,CAMUS,29
3108,CAMPA,60
3109,CAMIO,1348
3110,CAMAT,3
3111,CAMAL,112
3112,CALZE,803
3113,CALUA,1
3114,CALTA,1
3115,CALOR,4468
3116,CALMA,3120
3117,CALIU,774
3118,CALID,1170
3119,CALET,17
3120,CALDO,400
3121,CALDA,135
3122,CALCO,290
3123,CALCI,403
3124,CALCA,1080
3125,CALBA,159
3126,CALAU,8
3127,CALAT,275
3128,CALAR,928
3129,CALAM,5
3130,CAIXO,317
3131,CAIXA,5138
3132,CAIRO,57
3133,CAIRE,2475
3134,CAIAC,21
3135,CAGAT,41
3136,CAGAR,287
3137,CAFTA,19
3138,CAFRE,77
3139,CAFIT,1
3140,CAFIS,45
3141,CADUP,1
3142,CADUF,11
3143,CADUC,327
3144,CADMI,52
3145,CADET,67
3146,CADEC,24
3147,CADAF,7
3148,CACIC,193
3149,CACAU,232
3150,CACAR,1900
3151,CABUT,38
3152,CABRO,99
3153,CABRE,2085
3154,CABRA,1424
3155,CABOT,15
3156,CABLE,693
3157,CABIT,2
3158,CABET,2
3159,CABEC,8
3160,CABAS,527
3161,CABAL,1720
3162,BUTZA,21
3163,BUSSI,17
3164,BUSCA,514
3165,BURXO,24
3166,BURXA,31
3167,BURRO,697
3168,BURRA,172
3169,BUROT,65
3170,BURLA,708
3171,BURJA,15
3172,BURDA,16
3173,BURCA,4
3174,BURAT,1
3175,BUJOT,2
3176,BUJOL,7
3177,BUINA,29
3178,BUIDA,1
3179,BUGRE,8
3180,BUGIA,212
3181,BUGAT,5
3182,BUFIT,28
3183,BUFET,251
3184,BUFEC,19
3185,BUFAT,164
3186,BUFAR,1673
3187,BUFAL,63
3188,BUDIC,19
3189,BUCLE,75
3190,BUCCI,1
3191,BUCAR,6
3192,BUCAL,178
3193,BUBAL,17
3194,BUATA,31
3195,BRUSC,727
3196,BRUSA,593
3197,BRULL,19
3198,BRUIT,75
3199,BRUGA,2
3200,BRUEL,112
3201,BROTO,17
3202,BRONC,22
3203,BROMA,2507
3204,BROLL,94
3205,BROIX,21
3206,BROCA,60
3207,BRIVA,14
3208,BRITA,2
3209,BRISA,611
3210,BRIOS,33
3211,BRIOL,1
3212,BRINC,17
3213,BRILL,202
3214,BRIDO,25
3215,BRIDA,340
3216,BRIAL,48
3217,BREVA,15
3218,BRETO,215
3219,BRELL,2
3220,BREGA,478
3221,BRAVO,187
3222,BRAVA,10
3223,BRASA,1057
3224,BRAOL,17
3225,BRANC,200
3226,BRAMA,157
3227,BRAGA,21
3228,BRACA,136
3229,BOXER,17
3230,BOXAR,16
3231,BOVOR,5
3232,BOVER,132
3233,BOVAL,44
3234,BOUET,1
3235,BOUER,46
3236,BOUAL,5
3237,BOTXI,948
3238,BOTXA,95
3239,BOTRE,94
3240,BOTOS,4
3241,BOTJA,47
3242,BOTIT,59
3243,BOTIR,73
3244,BOTIL,58
3245,BOTET,32
3246,BOTER,124
3247,BOTAS,1
3248,BOTAR,572
3249,BOTAM,6
3250,BOSSA,1960
3251,BOSCA,269
3252,BORSA,706
3253,BORRO,350
3254,BORRA,140
3255,BORNI,131
3256,BORLI,3
3257,BORLA,228
3258,BORJA,30
3259,BORIC,59
3260,BORIA,25
3261,BORDO,225
3262,BORDA,347
3263,BORAX,25
3264,BORAT,16
3265,BORAR,2
3266,BONZE,14
3267,BONIR,9
3268,BONIC,5351
3269,BONET,57
3270,BONDA,14
3271,BOMBO,414
3272,BOMBI,20
3273,BOMBA,1780
3274,BOLLO,8
3275,BOLLA,274
3276,BOLIT,92
3277,BOLIG,46
3278,BOLID,55
3279,BOLIC,84
3280,BOLET,1214
3281,BOLEI,9
3282,BOLDO,9
3283,BOLDA,13
3284,BOLCA,2
3285,BOJOR,10
3286,BOJAL,4
3287,BOIXA,24
3288,BOIRA,3566
3289,BOINA,254
3290,BOIGA,50
3291,BOIET,27
3292,BOIAR,12
3293,BOGAR,4
3294,BOGAL,7
3295,BOFIA,133
3296,BOCUT,1
3297,BOCOI,135
3298,BOCAR,6
3299,BOCAL,23
3300,BLUES,96
3301,BLOOM,4
3302,BLIMA,15
3303,BLEVA,4
3304,BLEIX,226
3305,BLEIR,25
3306,BLEDA,380
3307,BLAVA,1
3308,BLASO,178
3309,BLANC,20110
3310,BLADA,30
3311,BIVAC,55
3312,BITXO,83
3313,BITXA,7
3314,BITER,11
3315,BITAR,1
3316,BISBE,5491
3317,BISAR,6
3318,BIRMA,7
3319,BIRLA,18
3320,BIPLA,17
3321,BIPAR,7
3322,BIOTA,2
3323,BIOMA,5
3324,BINGO,55
3325,BINAR,14
3326,BIMBA,6
3327,BILLO,118
3328,BILIS,192
3329,BILIO,177
3330,BIGOT,69
3331,BIGOS,4
3332,BIGAM,12
3333,BIFID,68
3334,BIFAC,37
3335,BIELA,44
3336,BIDET,60
3337,BIAIX,242
3338,BEURE,7913
3339,BETUM,98
3340,BETIC,22
3341,BETEL,3
3342,BESUC,18
3343,BESSO,808
3344,BESSA,2
3345,BESAR,3848
3346,BERMA,4
3347,BERLA,2
3348,BERIL,1
3349,BEOCI,20
3350,BENZE,27
3351,BELGA,531
3352,BELAR,115
3353,BEINA,211
3354,BEGUT,243
3355,BEGUI,13
3356,BEFAR,66
3357,BEDUI,73
3358,BECUT,7
3359,BECFI,10
3360,BECAT,14
3361,BECAR,28
3362,BEABA,2
3363,BAVOS,50
3364,BAVOR,20
3365,BAVAR,23
3366,BAUXA,11
3367,BAULA,104
3368,BATUT,233
3369,BATRE,2879
3370,BATER,15
3371,BATEO,1
3372,BATEC,712
3373,BATAN,33
3374,BASTO,2101
3375,BASTA,156
3376,BASSO,4
3377,BASSI,12
3378,BASSA,965
3379,BASIC,3992
3380,BASER,1
3381,BASCA,195
3382,BASAR,2798
3383,BASAL,144
3384,BARXA,8
3385,BARSA,22
3386,BARRO,42
3387,BARRI,4286
3388,BARRA,2445
3389,BARIO,23
3390,BARIC,24
3391,BAREM,26
3392,BARDA,12
3393,BARCA,3110
3394,BARBO,7
3395,BARBA,2648
3396,BARAT,1106
3397,BANYO,4
3398,BANYA,1174
3399,BANUS,63
3400,BANTU,12
3401,BANJO,19
3402,BANER,6
3403,BANDO,14
3404,BANDA,24693
3405,BANCA,990
3406,BANAU,9
3407,BANAT,1
3408,BANAL,580
3409,BAMBU,196
3410,BAMBO,8
3411,BAMBA,28
3412,BALSA,15
3413,BALOU,6
3414,BALMA,490
3415,BALLA,71
3416,BALIR,5
3417,BALEC,17
3418,BALDO,43
3419,BALDA,114
3420,BALCO,3433
3421,BALCA,44
3422,BALAN,3
3423,BAJOC,10
3424,BAIXO,8
3425,BAIXA,1166
3426,BAINA,30
3427,BAGUL,366
3428,BAGRA,16
3429,BAGOT,3
3430,BAGOL,6
3431,BAGAS,1
3432,BAFOR,2
3433,BADOC,337
3434,BADIU,74
3435,BADIA,716
3436,BADAR,1403
3437,BACUL,115
3438,BACIU,9
3439,BACIL,289
3440,BABUI,16
3441,BABOL,1
3442,BABLE,21
3443,BABEL,34
3444,BABAU,259
3445,AZOIC,11
3446,AZIDA,3
3447,AZERI,24
3448,AXIAL,174
3449,AVIOR,126
3450,AVIAT,16692
3451,AVIAR,314
3452,AVIAL,31
3453,AVERN,32
3454,AVENC,2338
3455,AVENA,13
3456,AVANT,1277
3457,AVANC,495
3458,AVALL,6360
3459,AUTOR,14498
3460,AUROS,6
3461,AURIC,8
3462,AULIC,78
3463,AULET,18
3464,AUGUR,12
3465,AUDIO,53
3466,AUDAC,287
3467,AUCAR,20
3468,ATZUR,265
3469,ATZAR,2480
3470,ATXIM,9
3471,ATXEM,40
3472,ATURA,76
3473,ATUIR,266
3474,ATROC,130
3475,ATRIT,1
3476,ATLES,190
3477,ATIAR,455
3478,ATESA,6
3479,ATENT,1632
3480,ATANS,2
3481,ATALL,2
3482,ASTUT,496
3483,ASTUR,9
3484,ASTRE,1480
3485,ASTOR,56
3486,ASTER,8
3487,ASTAT,1
3488,ASSUT,33
3489,ASSOT,207
3490,ASPRE,1674
3491,ASPID,19
3492,ASPAT,12
3493,ASMAT,4
3494,ASINI,5
3495,ASCLA,81
3496,ARXIU,2376
3497,ARTIC,120
3498,ARTET,11
3499,ARTER,32
3500,ARTEC,2
3501,ARSIA,10
3502,ARROS,2123
3503,ARROP,52
3504,ARRIA,64
3505,ARREU,8344
3506,ARRES,20
3507,ARREL,5306
3508,ARRAP,27
3509,ARRAN,2104
3510,ARPIO,3
3511,ARPAT,3
3512,ARPAR,3
3513,AROMA,887
3514,ARNOT,1
3515,ARNOS,1
3516,ARNES,203
3517,ARNER,4
3518,ARNAT,133
3519,ARNAR,33
3520,ARMER,95
3521,ARMAT,2224
3522,ARMAR,1338
3523,ARLOT,27
3524,ARJAU,37
3525,ARIET,35
3526,ARIES,77
3527,ARGUS,5
3528,ARGUE,18
3529,ARGOT,167
3530,ARGIU,77
3531,ARENY,173
3532,ARENG,11
3533,ARENA,989
3534,ARECA,2
3535,ARDOR,479
3536,ARDIT,929
3537,ARDAT,26
3538,ARCOT,18
3539,ARCAT,15
3540,ARCAR,9
3541,ARBRE,13877
3542,ARBOC,167
3543,ARADA,449
3544,AQUOS,321
3545,AQUEU,247
3546,AQUEN,1
3547,APUNT,377
3548,APTER,13
3549,APRES,709
3550,APODE,5
3551,APOCA,151
3552,APNEA,8
3553,APLOM,261
3554,APLIC,43
3555,APLEC,1140
3556,APIOL,2
3557,APART,82
3558,AORTA,82
3559,ANYOC,6
3560,ANYIL,17
3561,ANYAL,711
3562,ANUAL,1945
3563,ANTRE,153
3564,ANTIC,21345
3565,ANTEC,1
3566,ANSIA,1371
3567,ANSAT,25
3568,ANSAR,3
3569,ANORC,3
3570,ANODI,112
3571,ANODE,51
3572,ANNEX,576
3573,ANIMA,18759
3574,ANHEL,1353
3575,ANGLE,2778
3576,ANGEL,5356
3577,ANFOS,33
3578,ANELL,1612
3579,ANEGA,20
3580,ANEDO,1
3581,ANEDA,1
3582,ANDES,108
3583,ANDAR,20
3584,ANCIA,788
3585,ANANT,71
3586,ANADA,782
3587,AMURA,11
3588,AMUNT,7644
3589,AMPLI,3789
3590,AMPLE,7706
3591,AMPIT,251
3592,AMORF,182
3593,AMONI,27
3594,AMNIC,1
3595,AMINA,41
3596,AMIDA,5
3597,AMENT,8
3598,AMEBA,54
3599,AMBRE,214
3600,AMBIT,4185
3601,AMARG,1955
3602,AMANT,2508
3603,ALUDA,12
3604,ALTRI,957
3605,ALTIU,666
3606,ALTEA,3
3607,ALTAR,3908
3608,ALQUE,1
3609,ALOSA,351
3610,ALOMA,3
3611,ALOJA,9
3612,ALOER,16
3613,ALMUD,56
3614,ALMON,4
3615,ALLET,2
3616,ALLER,2
3617,ALLEN,24
3618,ALLAU,553
3619,ALJUB,103
3620,ALIGO,5
3621,ALIGA,611
3622,ALIES,253
3623,ALIER,1
3624,ALIAR,260
3625,ALGUN,86975
3626,ALGID,166
3627,ALGIA,44
3628,ALFIL,19
3629,ALFAC,7
3630,ALEVI,68
3631,ALETA,324
3632,ALERO,11
3633,ALERC,4
3634,ALENA,33
3635,ALEIA,1
3636,ALDUF,6
3637,ALDEA,49
3638,ALCIO,7
3639,ALCAT,667
3640,ALCAR,10557
3641,ALBUM,404
3642,ALBOR,59
3643,ALBIR,423
3644,ALBER,197
3645,ALBAT,112
3646,ALARB,319
3647,ALAMI,2
3648,AJUST,263
3649,AJUDA,3104
3650,AIXOL,18
3651,AIXEC,7
3652,AITAL,1113
3653,AIROS,526
3654,AIRAR,53
3655,AINAR,1
3656,AIMIA,157
3657,AIGUA,42135
3658,AIDAR,176
3659,AI-AI,2
3660,AGUTI,1
3661,AGUAR,10
3662,AGROS,9
3663,AGROR,154
3664,AGRIR,9
3665,AGRET,3
3666,AGRER,19
3667,AGRAS,39
3668,AGRAM,34
3669,AGRAF,10
3670,AGOST,3851
3671,AGORA,101
3672,AGNUS,14
3673,AGNAT,5
3674,AGENT,2911
3675,AGAVE,43
3676,AGATA,37
3677,AGARE,19
3678,AGAPE,12
3679,AGAMA,1
3680,AFUAT,148
3681,AFUAR,162
3682,AFTOS,9
3683,AFRAU,186
3684,AFLUX,3
3685,AFLAT,3
3686,AFELI,19
3687,AFANY,2889
3688,AFAIT,13
3689,ADUST,154
3690,ADULT,2754
3691,ADRET,13
3692,ADREC,70
3693,ADORN,67
3694,ADIAR,8
3695,ADHUC,7232
3696,ADAGI,301
3697,ACULL,7
3698,ACUIT,9
3699,ACTOR,2714
3700,ACTIU,5246
3701,ACOST,14
3702,ACORD,11916
3703,ACERO,2
3704,ACERB,48
3705,ACCIO,19164
3706,ACCES,2400
3707,ACANT,85
3708,ABSIS,535
3709,ABRIL,4404
3710,ABRIC,1485
3711,ABRET,1
3712,ABRAC,155
3713,ABELL,1
3714,ABECE,10
3715,ABATO,3
3716,ABAST,3449
3717,ABANS,42330
3718,ABACA,7
