"lema";"n_sentits";"freq";"rank"
"el";5;4947;1
"de";26;3251;2
"que";14;3237;3
"a";20;3165;4
"i";7;2790;5
"ser";2;2432;6
"no";9;2048;7
"un";18;1993;8
"sí";4;1795;9
"haver";15;1684;10
"anar";32;1239;11
"per";33;942;12
"si";25;866;13
"dir";22;862;14
"hi";8;852;15
"fer";56;795;16
"ja";8;769;17
"estar";18;696;18
"tenir";14;691;19
"jo";2;682;20
"amb";4;675;21
"molt";10;671;22
"o";4;629;23
"ho";3;614;24
"però";4;612;25
"en";22;610;26
"més";12;607;27
"poder";32;606;28
"aquest";3;576;29
"això";9;561;30
"eh";3;560;31
"em";1;547;32
"saber";21;543;33
"al";1;540;34
"perquè";3;514;35
"bé";34;492;36
"tot";23;436;37
"del";1;422;38
"com";13;416;39
"veure";25;411;40
"voler";20;390;41
"doncs";4;368;42
"es";4;368;43
"mirar";24;365;44
"també";4;349;45
"valer";21;348;46
"què";6;341;47
"et";2;340;48
"arribar";14;303;49
"allà";8;295;50
"ah";1;267;51
"altre";16;261;52
"dia";51;255;53
"li";1;250;54
"tu";4;244;55
"ara";14;243;56
"algun";4;228;57
"cap";123;228;58
"vint";6;222;59
"real";4;213;60
"clar";30;212;61
"mica";7;212;62
"aquí";7;211;63
"quin";2;210;64
"passar";32;202;65
"llavors";2;200;66
"cosa";13;197;67
"acord";22;196;68
"tren";13;193;69
"sortir";15;190;70
"any";50;184;71
"cinc";7;183;72
"ens";3;183;73
"agradar";2;182;74
"així";16;182;75
"vuit";7;175;76
"nou";38;175;77
"universitat";6;171;78
"segon";12;166;79
"després";6;166;80
"els";1;158;81
"tres";8;158;82
"des";3;157;83
"primer";6;155;84
"mateix";11;154;85
"home";26;154;86
"tant";22;147;87
"dos";7;147;88
"informació";7;144;89
"illa";2;142;90
"agafar";22;141;91
"bo";32;138;92
"hora";24;138;93
"set";13;137;94
"pel";1;135;95
"seu";9;132;96
"quan";3;132;97
"fins";5;131;98
"on";4;128;99
"només";3;125;100
"parir";3;124;101
"mi";3;122;102
"creure";11;112;103
"trobar";14;110;104
"interessar";8;108;105
"lo";2;107;106
"assignatura";1;105;107
"trenta";6;105;108
"venir";13;103;109
"acabar";25;102;110
"quedar";7;102;111
"perfecte";2;96;112
"meu";5;94;113
"ciutat";8;92;114
"recordar";3;92;115
"euro";2;91;116
"pensar";10;90;117
"moment";31;88;118
"parlar";30;86;119
"lloc";20;85;120
"us";1;85;121
"beca";4;85;122
"conèixer";24;83;123
"sud";5;83;124
"sobre";14;82;125
"vostè";1;82;126
"quinze";5;82;127
"temps";52;82;128
"res";12;81;129
"nord";9;80;130
"escoltar";6;78;131
"recomanar";3;78;132
"gràcia";16;76;133
"semestre";1;76;134
"mig";16;75;135
"ai";7;75;136
"donar";29;75;137
"aquell";4;74;138
"semblar";3;73;139
"autobús";1;73;140
"millor";4;71;141
"part";53;71;142
"ni";3;71;143
"matí";4;70;144
"bastant";2;68;145
"tampoc";1;68;146
"cinquanta";7;67;147
"viatge";7;67;148
"heure";1;67;149
"estació";23;66;150
"quatre";8;66;151
"veritat";10;66;152
"platja";1;65;153
"cas";31;65;154
"hola";1;65;155
"cotxe";8;65;156
"deixar";21;64;157
"potser";2;64;158
"tal";14;63;159
"teu";3;63;160
"trucar";9;63;161
"tema";12;63;162
"perdonar";8;63;163
"vol";11;63;164
"viure";23;61;165
"estudi";12;61;166
"allò";4;61;167
"entre";8;61;168
"exacte";4;60;169
"cent";9;59;170
"tarda";3;59;171
"aleshores";1;59;172
"abans";9;57;173
"opció";4;57;174
"tornar";16;57;175
"preu";14;56;176
"crèdit";5;55;177
"humanitat";5;55;178
"gaire";3;55;179
"nosaltres";1;54;180
"turista";1;54;181
"esperar";7;53;182
"web";3;53;183
"amic";6;52;184
"mes";9;52;185
"quart";16;52;186
"quant";6;52;187
"suposar";5;52;188
"encara";14;52;189
"gent";6;51;190
"ràpid";5;50;191
"visitar";2;50;192
"problema";1;50;193
"exemple";9;50;194
"optatiu";2;49;195
"sempre";8;49;196
"grec";4;48;197
"deure";9;48;198
"menys";9;48;199
"explicar";7;46;200
"metre";8;46;201
"demanar";22;45;202
"classe";27;45;203
"turístic";2;45;204
"buscar";2;45;205
"juliol";1;44;206
"cop";44;44;207
"feina";6;44;208
"cada";6;43;209
"deu";7;43;210
"acadèmic";6;43;211
"ell";2;42;212
"qui";8;42;213
"disset";4;41;214
"zero";8;41;215
"massa";33;41;216
"possible";4;41;217
"clàssic";9;41;218
"tipus";13;41;219
"pua";6;40;220
"últim";3;40;221
"tan";1;40;222
"persona";15;40;223
"car";8;40;224
"gestió";2;40;225
"començar";8;40;226
"costa";12;39;227
"sap";1;39;228
"consultar";5;39;229
"filologia";1;39;230
"possibilitat";4;38;231
"principi";21;38;232
"compte";29;38;233
"setmana";8;37;234
"estudiant";2;37;235
"avui";7;37;236
"carretera";1;36;237
"oh";2;36;238
"quaranta";7;36;239
"vegada";16;36;240
"centre";24;36;241
"divuit";4;36;242
"est";8;35;243
"costar";6;35;244
"minut";4;35;245
"manera";15;35;246
"sobretot";2;35;247
"seguir";20;35;248
"qual";1;35;249
"típic";4;34;250
"diferent";3;34;251
"carrera";13;34;252
"treballar";12;34;253
"segons";5;34;254
"tornada";3;34;255
"país";4;34;256
"poble";7;34;257
"capital";14;34;258
"ruta";2;33;259
"portar";15;33;260
"igual";11;33;261
"tens";3;33;262
"perdre";17;33;263
"final";7;33;264
"déu";14;32;265
"posar";14;32;266
"vinga";2;32;267
"poc";17;32;268
"avenir";8;32;269
"pla";45;31;270
"regional";1;31;271
"palau";2;31;272
"gran";7;31;273
"anàlisi";24;31;274
"mai";4;31;275
"canviar";15;31;276
"dada";4;31;277
"casa";50;31;278
"oi";5;31;279
"entrar";21;31;280
"e";2;31;281
"trimestre";1;30;282
"pàgina";9;30;283
"nom";23;30;284
"marxar";4;30;285
"preguntar";2;30;286
"família";18;30;287
"bitllet";5;29;288
"ya";1;29;289
"pena";14;29;290
"avant";3;29;291
"necessitar";1;29;292
"viatjar";3;29;293
"bonic";1;29;294
"ràdio";4;29;295
"estudiar";6;29;296
"imprès";1;29;297
"dotze";5;29;298
"grup";27;28;299
"menjar";24;28;300
"mil";7;28;301
"antic";9;28;302
"públic";7;28;303
"ostra";2;28;304
"durant";1;28;305
"jònic";4;28;306
"informar";4;28;307
"telèfon";1;27;308
"bus";4;27;309
"realment";1;27;310
"facultat";4;27;311
"segur";7;27;312
"restaurant";3;27;313
"sense";4;27;314
"apuntar";16;27;315
"exactament";2;26;316
"nostre";3;26;317
"únic";2;26;318
"dependre";5;26;319
"activitat";8;25;320
"zona";34;25;321
"coordinador";1;25;322
"canvi";25;25;323
"tercer";8;25;324
"govern";5;25;325
"club";2;25;326
"continuar";5;25;327
"horari";5;25;328
"reunió";3;24;329
"fet";14;24;330
"proper";1;24;331
"transport";8;24;332
"ben";1;24;333
"preferent";1;24;334
"realitzar";5;24;335
"discoteca";4;24;336
"important";3;24;337
"pobla";1;24;338
"imaginar";3;24;339
"directament";2;24;340
"prop";5;24;341
"punt";117;24;342
"francès";5;24;343
"cursar";2;24;344
"dona";14;23;345
"cafè";9;23;346
"sentir";13;23;347
"vaja";1;23;348
"vida";30;23;349
"caure";33;23;350
"entendre";13;23;351
"aconseguir";6;22;352
"festa";11;22;353
"comentar";1;22;354
"perdó";2;22;355
"prendre";18;22;356
"lliure";9;22;357
"reserva";23;22;358
"nota";22;22;359
"caldre";3;22;360
"dilluns";3;22;361
"anada";4;21;362
"peix";45;21;363
"president";7;21;364
"partir";9;21;365
"mínim";8;21;366
"curs";12;21;367
"paisatge";8;21;368
"total";5;21;369
"elecció";1;21;370
"onze";5;21;371
"plaure";4;20;372
"següent";1;20;373
"transbordament";1;20;374
"oferir";5;20;375
"monestir";1;20;376
"pujar";22;20;377
"oest";7;20;378
"treball";18;20;379
"vaixell";5;20;380
"gust";7;20;381
"jardí";5;20;382
"demà";5;20;383
"ui";2;20;384
"maco";3;20;385
"dar";3;20;386
"econòmic";4;19;387
"centrar";6;19;388
"maig";2;19;389
"esport";3;19;390
"tard";11;19;391
"italià";4;19;392
"empresa";5;19;393
"atletisme";1;19;394
"preferir";1;19;395
"europeu";2;19;396
"sinó";4;19;397
"provar";7;19;398
"presentar";9;19;399
"nen";1;19;400
"assegurar";11;19;401
"estranger";4;19;402
"diner";12;19;403
"treure";19;19;404
"preciós";3;19;405
"tancar";29;19;406
"vi";12;19;407
"sonar";6;19;408
"mantenir";9;18;409
"guia";16;18;410
"música";12;18;411
"patir";8;18;412
"pe";2;18;413
"sopar";4;18;414
"just";12;18;415
"dubte";4;18;416
"tothom";1;18;417
"matar";15;18;418
"fora";6;18;419
"milió";2;18;420
"disposar";7;18;421
"crisi";3;18;422
"erm";5;18;423
"destinació";4;18;424
"servei";24;18;425
"avió";7;17;426
"organitzar";4;17;427
"dins";8;17;428
"segurament";2;17;429
"general";10;17;430
"pas";50;17;431
"prou";6;17;432
"reservar";7;17;433
"text";9;17;434
"filosofia";7;17;435
"federar";3;17;436
"pagar";19;17;437
"distància";11;17;438
"decidir";4;17;439
"obrir";37;17;440
"negoci";8;17;441
"comunicació";9;17;442
"tocar";56;17;443
"art";35;17;444
"greu";9;17;445
"tirar";56;17;446
"comunitat";9;16;447
"hotel";2;16;448
"interior";5;16;449
"ajudar";8;16;450
"malament";3;16;451
"transbord";2;16;452
"mapa";12;16;453
"correcte";1;16;454
"llengua";60;16;455
"dret";72;16;456
"pregunta";3;16;457
"banda";29;16;458
"proposar";4;16;459
"nivell";23;16;460
"pau";17;16;461
"anglès";5;16;462
"petit";6;16;463
"ahir";4;16;464
"mar";23;15;465
"abril";4;15;466
"complicar";3;15;467
"baixar";10;15;468
"programa";10;15;469
"vosaltres";1;15;470
"filològic";1;15;471
"port";10;15;472
"do";6;15;473
"aire";30;15;474
"parar";23;15;475
"sortida";11;15;476
"dinou";4;15;477
"plaça";9;15;478
"llegir";7;15;479
"idea";5;15;480
"dur";11;15;481
"mediterrani";2;15;482
"ficar";18;14;483
"complementari";2;14;484
"interessant";1;14;485
"te";9;14;486
"natural";13;14;487
"finestreta";3;14;488
"procediment";10;14;489
"aviat";6;14;490
"turisme";3;14;491
"social";2;14;492
"sant";22;14;493
"marta";2;14;494
"funcionar";1;14;495
"fort";20;14;496
"nit";17;14;497
"muntanya";5;14;498
"lliurar";7;13;499
"por";7;13;500
"màlaga";1;13;501
"estada";4;13;502
"espanyol";4;13;503
"dormir";21;13;504
"litre";1;13;505
"històric";4;13;506
"edifici";3;13;507
"vacança";3;13;508
"directe";5;13;509
"història";11;13;510
"vas";13;13;511
"faltar";9;13;512
"estiu";2;13;513
"setanta";6;13;514
"càrrec";18;13;515
"barat";4;13;516
"segle";6;13;517
"situar";5;13;518
"especial";4;12;519
"qualsevol";5;12;520
"document";5;12;521
"funció";43;12;522
"víctor";1;12;523
"oblidar";4;12;524
"divers";3;12;525
"baix";36;12;526
"dotació";4;12;527
"descartar";2;12;528
"encantar";6;12;529
"contra";15;12;530
"sector";14;12;531
"vorejar";3;12;532
"bizantí";4;12;533
"pactar";2;12;534
"pescador";1;12;535
"introducció";6;12;536
"aigua";69;12;537
"guapo";1;12;538
"estil";15;12;539
"cultural";1;12;540
"triar";5;12;541
"ple";16;12;542
"data";2;11;543
"estat";31;11;544
"celebrar";8;11;545
"seixanta";6;11;546
"especialment";3;11;547
"pintura";11;11;548
"quasi";1;11;549
"popular";4;11;550
"davant";13;11;551
"dimarts";1;11;552
"senyor";15;11;553
"ministeri";7;11;554
"titulació";3;11;555
"divendres";3;11;556
"partit";10;11;557
"diumenge";3;11;558
"central";9;11;559
"campus";1;11;560
"dramàtic";4;11;561
"obtenir";2;11;562
"utilitzar";1;11;563
"ningú";3;11;564
"trajecte";1;11;565
"junt";7;11;566
"enviar";5;11;567
"correu";6;11;568
"pis";3;11;569
"càmping";2;11;570
"fotre";18;11;571
"policia";4;10;572
"servir";24;10;573
"mal";49;10;574
"tractar";21;10;575
"troncal";3;10;576
"sec";15;10;577
"conveni";2;10;578
"associació";8;10;579
"pastís";2;10;580
"preocupar";6;10;581
"propi";7;10;582
"volta";29;10;583
"cobrar";8;10;584
"combinació";8;10;585
"comptar";22;10;586
"estona";3;10;587
"aproximadament";1;10;588
"llibre";21;10;589
"llogar";5;10;590
"sort";9;10;591
"resultar";3;10;592
"macar";3;10;593
"costat";13;10;594
"reunir";5;10;595
"número";7;10;596
"moure";10;10;597
"recorregut";1;10;598
"oferta";5;10;599
"pam";15;10;600
"palestí";2;10;601
"roda";21;10;602
"petició";5;10;603
"intentar";2;10;604
"ne";1;10;605
"comprar";5;10;606
"existir";2;10;607
"ministre";9;10;608
"congrés";3;9;609
"exprés";5;9;610
"qüestió";9;9;611
"colla";7;9;612
"fàcil";5;9;613
"turc";4;9;614
"formalitzar";5;9;615
"mel";7;9;616
"ce";2;9;617
"evidentment";1;9;618
"gener";1;9;619
"marxa";15;9;620
"tranquil";3;9;621
"mesura";18;9;622
"matinada";3;9;623
"produir";7;9;624
"catorze";4;9;625
"informe";5;9;626
"fi";24;9;627
"aprovar";5;9;628
"aconsellar";4;9;629
"albanès";4;9;630
"seguretat";3;9;631
"optar";1;9;632
"aprofitar";6;9;633
"tretze";5;9;634
"anterior";4;9;635
"arreu";14;9;636
"cultura";4;9;637
"majoria";9;9;638
"normal";6;9;639
"pressupost";2;9;640
"intercanvi";1;9;641
"mena";7;9;642
"cíclada";1;9;643
"diari";9;9;644
"atac";6;9;645
"economia";17;9;646
"galeria";15;9;647
"situació";5;9;648
"agost";3;9;649
"investigació";1;9;650
"alt";20;9;651
"examen";4;9;652
"requisit";2;9;653
"sentit";18;9;654
"convalidar";1;9;655
"espionatge";2;8;656
"consell";11;8;657
"entrada";25;8;658
"preferència";5;8;659
"límit";5;8;660
"iogurt";1;8;661
"pobre";7;8;662
"hospital";3;8;663
"fon";1;8;664
"meravellós";1;8;665
"famós";2;8;666
"mòbil";9;8;667
"jove";8;8;668
"colon";1;8;669
"familiar";9;8;670
"mitjà";11;8;671
"avortament";1;8;672
"local";6;8;673
"global";1;8;674
"universitari";2;8;675
"nacional";2;8;676
"arribada";4;8;677
"compra";2;8;678
"ei";2;8;679
"xifra";7;8;680
"alumne";3;8;681
"conseller";7;8;682
"taula";46;8;683
"animal";18;8;684
"gairebé";1;8;685
"record";5;8;686
"variar";4;8;687
"trigar";1;8;688
"ton";1;8;689
"olivera";3;8;690
"fruit";8;8;691
"bar";3;8;692
"resta";6;8;693
"vista";22;8;694
"rebre";10;8;695
"destí";3;8;696
"marcar";13;8;697
"vendre";12;8;698
"ambient";5;8;699
"mà";97;8;700
"món";33;8;701
"polític";9;8;702
"ajuntament";5;8;703
"practicar";4;8;704
"relació";20;8;705
"connexió";9;8;706
"avi";4;8;707
"enlloc";2;8;708
"força";43;8;709
"oficina";4;8;710
"acte";17;8;711
"mare";25;8;712
"los";1;8;713
"paper";40;8;714
"concretament";2;8;715
"sol";25;8;716
"espectacular";2;8;717
"augmentar";4;8;718
"porta";22;8;719
"espai";21;8;720
"indicar";5;8;721
"lluny";7;8;722
"obra";24;8;723
"allargar";17;8;724
"companyia";14;8;725
"omplir";13;8;726
"considerar";4;8;727
"nombre";41;8;728
"despesa";8;7;729
"cert";10;7;730
"dirigir";5;7;731
"coincidir";3;7;732
"perillós";1;7;733
"magnífic";5;7;734
"noranta";6;7;735
"entrevista";5;7;736
"electrònic";3;7;737
"notar";2;7;738
"plantejar";1;7;739
"encant";5;7;740
"dintre";2;7;741
"premi";7;7;742
"dissabte";5;7;743
"consulta";6;7;744
"morir";11;7;745
"escollir";1;7;746
"gastar";8;7;747
"constar";3;7;748
"entregar";3;7;749
"obligatori";1;7;750
"atendre";6;7;751
"intenció";7;7;752
"malgrat";3;7;753
"falta";8;7;754
"dedicar";6;7;755
"destacar";3;7;756
"propina";1;7;757
"font";13;7;758
"principal";6;7;759
"visita";9;7;760
"preparar";7;7;761
"ehem";1;7;762
"ciutadà";6;7;763
"rotllo";1;7;764
"pi";32;7;765
"juny";1;7;766
"sols";1;7;767
"terra";33;7;768
"hajar";1;7;769
"població";5;7;770
"dinar";6;7;771
"enfadar";1;7;772
"esportiu";5;7;773
"efectivament";2;7;774
"recomanable";1;7;775
"comissió";7;7;776
"permetre";3;7;777
"llei";35;7;778
"còmode";3;7;779
"mediació";2;7;780
"be";5;7;781
"apartat";4;7;782
"barri";4;7;783
"pitjor";3;7;784
"muntar";9;7;785
"finalment";1;7;786
"desitjar";4;7;787
"marge";11;7;788
"atur";1;7;789
"suficient";3;7;790
"residència";6;7;791
"facilitar";2;7;792
"arbre";53;7;793
"escola";8;7;794
"escriure";10;7;795
"producte";9;7;796
"ordinador";2;7;797
"disponible";1;7;798
"queixar";2;7;799
"pare";20;6;800
"igualment";1;6;801
"clima";7;6;802
"aeroport";1;6;803
"novembre";1;6;804
"corba";2;6;805
"banc";35;6;806
"gel";6;6;807
"badia";3;6;808
"vigilar";3;6;809
"casal";5;6;810
"imprimir";6;6;811
"ajuda";3;6;812
"parell";14;6;813
"raó";17;6;814
"setze";5;6;815
"gana";7;6;816
"carrer";9;6;817
"camp";49;6;818
"importar";4;6;819
"precisament";2;6;820
"via";27;6;821
"matrícula";7;6;822
"director";2;6;823
"sèrie";27;6;824
"octubre";2;6;825
"sistema";59;6;826
"etcètera";1;6;827
"doble";13;6;828
"piscina";3;6;829
"senyalar";2;6;830
"fill";17;6;831
"single";1;6;832
"gravar";6;6;833
"córrer";20;6;834
"excursió";2;6;835
"pa";41;6;836
"teatre";9;6;837
"expedient";6;6;838
"equiparació";1;6;839
"maria";1;6;840
"inventar";4;6;841
"confirmar";10;6;842
"aportar";4;6;843
"secretari";8;6;844
"cu";1;6;845
"tradicional";2;6;846
"horrible";1;6;847
"recollir";6;6;848
"convalidació";1;6;849
"vos";1;6;850
"violència";8;6;851
"membre";9;6;852
"projecte";5;6;853
"comentari";2;6;854
"colònia";12;6;855
"au";2;6;856
"museu";2;6;857
"equivocar";2;6;858
"procés";12;6;859
"banyar";4;6;860
"quilòmetre";1;6;861
"diferència";8;6;862
"cos";55;6;863
"broma";9;6;864
"coma";12;6;865
"mort";30;6;866
"taronger";3;6;867
"quantitat";9;6;868
"sota";6;6;869
"merda";11;6;870
"con";14;6;871
"personalment";1;6;872
"gastronomia";2;6;873
"circa";1;6;874
"causa";10;6;875
"sindicat";2;6;876
"simplement";2;6;877
"mercat";11;6;878
"afegir";6;6;879
"cinema";4;6;880
"cuina";10;6;881
"automàtic";4;5;882
"reconeixement";7;5;883
"teatral";2;5;884
"zoo";1;5;885
"difícil";3;5;886
"atenció";5;5;887
"secretaria";2;5;888
"crear";2;5;889
"to";17;5;890
"vall";10;5;891
"memòria";22;5;892
"entitat";4;5;893
"gens";5;5;894
"departament";4;5;895
"addicional";1;5;896
"menor";6;5;897
"pròxim";2;5;898
"contrari";9;5;899
"senzill";4;5;900
"títol";17;5;901
"unió";11;5;902
"vari";2;5;903
"endemà";3;5;904
"camí";44;5;905
"terme";26;5;906
"denúncia";2;5;907
"lleig";3;5;908
"plegat";5;5;909
"cançó";6;5;910
"durada";4;5;911
"tallar";35;5;912
"llarg";28;5;913
"màxim";5;5;914
"taller";4;5;915
"curset";1;5;916
"matricular";3;5;917
"veu";46;5;918
"ocupar";9;5;919
"vespre";3;5;920
"darrere";13;5;921
"través";7;5;922
"presumpte";1;5;923
"risc";1;5;924
"adreçar";13;5;925
"salari";4;5;926
"dolor";3;5;927
"origen";5;5;928
"afectar";10;5;929
"març";1;5;930
"collar";18;5;931
"estrany";9;5;932
"investigar";1;5;933
"preveure";1;5;934
"físic";7;5;935
"registrar";2;5;936
"alemany";7;5;937
"combinar";5;5;938
"confiança";7;5;939
"sou";9;5;940
"organització";4;5;941
"plegar";12;5;942
"fitxar";4;5;943
"musical";3;5;944
"reduir";14;5;945
"controlar";2;5;946
"la";4;5;947
"període";22;5;948
"confondre";9;5;949
"intern";6;5;950
"professor";2;5;951
"admetre";3;5;952
"objectiu";8;5;953
"suport";9;5;954
"foto";3;5;955
"error";12;5;956
"caos";4;5;957
"reconèixer";6;5;958
"àngel";7;5;959
"normalment";1;5;960
"dolç";9;5;961
"ferit";3;5;962
"contractar";2;5;963
"fonollosa";1;5;964
"opinió";3;5;965
"insistir";2;5;966
"aplicar";4;5;967
"culpa";5;5;968
"volar";16;5;969
"participar";3;5;970
"beure";20;5;971
"anunciar";3;5;972
"jugar";29;5;973
"concret";6;5;974
"cara";51;5;975
"habitació";4;5;976
"alb";1;5;977
"televisió";5;5;978
"mon";1;5;979
"dubtar";3;5;980
"contingut";3;5;981
"sumar";3;5;982
"idioma";1;5;983
"espès";7;5;984
"pretendre";3;5;985
"soldat";9;5;986
"questa";1;5;987
"tarifa";1;5;988
"cabró";3;5;989
"cine";1;5;990
"filosòfic";1;5;991
"edat";29;5;992
"cor";42;5;993
"repetir";7;5;994
"endavant";5;5;995
"pràctic";10;5;996
"benvingut";3;5;997
"lligar";27;5;998
"forma";45;5;999
"sortint";3;5;1000
"autèntic";6;4;1001
"superar";3;4;1002
"atemptat";1;4;1003
"rissar";1;4;1004
"metro";1;4;1005
"san";1;4;1006
"gram";10;4;1007
"institut";5;4;1008
"conseqüència";5;4;1009
"literari";1;4;1010
"cridar";12;4;1011
"evitar";3;4;1012
"compareixença";3;4;1013
"entrenar";4;4;1014
"portaveu";4;4;1015
"impedir";1;4;1016
"mentrestant";1;4;1017
"acceptar";6;4;1018
"unir";3;4;1019
"incrementar";1;4;1020
"caram";1;4;1021
"graduació";3;4;1022
"control";14;4;1023
"comerç";7;4;1024
"pràctica";8;4;1025
"ginebra";1;4;1026
"arrova";2;4;1027
"fantàstic";5;4;1028
"espera";8;4;1029
"augment";5;4;1030
"establir";7;4;1031
"setembre";1;4;1032
"casualitat";3;4;1033
"dimecres";2;4;1034
"jurar";4;4;1035
"quest";2;4;1036
"vincular";2;4;1037
"responsable";4;4;1038
"personal";4;4;1039
"explosió";6;4;1040
"publicitat";3;4;1041
"privar";5;4;1042
"víctima";4;4;1043
"superior";8;4;1044
"agrair";1;4;1045
"fatal";3;4;1046
"drama";5;4;1047
"dominar";10;4;1048
"província";6;4;1049
"financer";4;4;1050
"corrent";19;4;1051
"festival";2;4;1052
"avançar";13;4;1053
"enunciar";2;4;1054
"concert";7;4;1055
"treballador";3;4;1056
"indiferent";4;4;1057
"company";7;4;1058
"actual";4;4;1059
"ensenyar";9;4;1060
"uf";2;4;1061
"pati";4;4;1062
"aspecte";5;4;1063
"pilota";12;4;1064
"marc";10;4;1065
"escapar";12;4;1066
"internacional";4;4;1067
"assassinat";1;4;1068
"conduir";8;4;1069
"aturat";3;4;1070
"espavilar";4;4;1071
"allotjament";6;4;1072
"traslladar";5;4;1073
"odissea";1;4;1074
"pillar";1;4;1075
"aturada";2;4;1076
"estalviar";5;4;1077
"trucada";1;4;1078
"aula";7;4;1079
"ferida";3;4;1080
"pastisset";2;4;1081
"edició";16;4;1082
"civil";6;4;1083
"dijous";3;4;1084
"calor";7;4;1085
"agència";11;4;1086
"mentre";3;4;1087
"presència";5;4;1088
"marca";19;4;1089
"fulletó";5;4;1090
"analitzar";1;4;1091
"cobrir";34;4;1092
"sida";1;4;1093
"encarregar";4;4;1094
"pesar";15;4;1095
"català";13;4;1096
"batxillerat";2;4;1097
"vídeo";3;4;1098
"particular";8;4;1099
"direcció";15;4;1100
"acció";20;4;1101
"desembre";1;4;1102
"madurar";6;4;1103
"militar";9;4;1104
"necessari";3;4;1105
"irregular";2;4;1106
"jutge";13;4;1107
"equivaler";2;4;1108
"fixar";11;4;1109
"ge";1;4;1110
"salvar";13;4;1111
"resultat";4;4;1112
"torn";14;4;1113
"aparèixer";5;4;1114
"determinar";7;4;1115
"terrorista";2;4;1116
"solucionar";1;4;1117
"lot";2;4;1118
"espuma";1;4;1119
"madrileny";2;4;1120
"compartir";3;4;1121
"gestionar";2;4;1122
"necessitat";11;4;1123
"vostre";3;4;1124
"especificar";1;4;1125
"itinerari";3;4;1126
"desconèixer";3;4;1127
"pujada";5;4;1128
"exercici";4;4;1129
"pèrdua";4;4;1130
"registre";33;4;1131
"jova";2;4;1132
"regió";5;4;1133
"cama";26;4;1134
"cagar";8;4;1135
"correspondre";10;4;1136
"perfil";15;4;1137
"seguiment";1;4;1138
"acostar";3;4;1139
"ordenar";6;4;1140
"junta";9;4;1141
"retallar";8;4;1142
"relacionar";3;4;1143
"negar";14;4;1144
"imprescindible";1;4;1145
"comar";1;4;1146
"reclamar";5;4;1147
"líder";2;4;1148
"comercial";2;4;1149
"barreja";8;4;1150
"néixer";11;4;1151
"convèncer";2;4;1152
"robar";8;4;1153
"convenir";7;4;1154
"obrar";6;4;1155
"grau";28;3;1156
"nocturn";4;3;1157
"cadascun";2;3;1158
"plus";1;3;1159
"amar";1;3;1160
"cuidar";4;3;1161
"presó";4;3;1162
"personatge";4;3;1163
"multilingüisme";1;3;1164
"disparar";3;3;1165
"aptitud";1;3;1166
"rondar";6;3;1167
"presencialment";1;3;1168
"gastronòmic";1;3;1169
"luxe";4;3;1170
"joia";3;3;1171
"contemplar";3;3;1172
"endur";1;3;1173
"buf";6;3;1174
"sem";2;3;1175
"adonar";1;3;1176
"notable";6;3;1177
"regal";3;3;1178
"escala";28;3;1179
"israelita";2;3;1180
"pro";4;3;1181
"premsa";11;3;1182
"provocar";4;3;1183
"guerra";5;3;1184
"medicina";3;3;1185
"exposició";7;3;1186
"avaluar";2;3;1187
"oral";3;3;1188
"implicar";4;3;1189
"perseguir";5;3;1190
"foc";26;3;1191
"autoritat";5;3;1192
"canalla";3;3;1193
"rodalia";1;3;1194
"centralitzar";2;3;1195
"anunci";5;3;1196
"reforma";4;3;1197
"passada";17;3;1198
"principalment";1;3;1199
"suposadament";1;3;1200
"fèrtil";5;3;1201
"inspirar";5;3;1202
"tastar";4;3;1203
"mensual";2;3;1204
"avisar";2;3;1205
"qualificació";4;3;1206
"terrassa";5;3;1207
"factor";12;3;1208
"contar";1;3;1209
"calé";1;3;1210
"tecnològic";1;3;1211
"queixa";2;3;1212
"recórrer";6;3;1213
"puntar";1;3;1214
"bomba";17;3;1215
"religiós";5;3;1216
"representar";10;3;1217
"estrènyer";10;3;1218
"exterior";7;3;1219
"quota";4;3;1220
"oposició";8;3;1221
"antelació";1;3;1222
"os";45;3;1223
"arri";2;3;1224
"autònom";3;3;1225
"arma";26;3;1226
"sac";21;3;1227
"sincerament";1;3;1228
"monument";5;3;1229
"joana";1;3;1230
"urgència";7;3;1231
"client";6;3;1232
"espanyar";1;3;1233
"simbòlic";3;3;1234
"feliç";5;3;1235
"humà";5;3;1236
"cadena";28;3;1237
"cantant";2;3;1238
"aprendre";5;3;1239
"indústria";8;3;1240
"missatge";6;3;1241
"lletra";21;3;1242
"atabalar";3;3;1243
"oportunitat";2;3;1244
"ateu";1;3;1245
"conflicte";11;3;1246
"acostumar";4;3;1247
"probablement";1;3;1248
"desplaçar";5;3;1249
"horeta";1;3;1250
"permanent";3;3;1251
"genial";2;3;1252
"vell";9;3;1253
"britànic";2;3;1254
"vaca";11;3;1255
"cognom";1;3;1256
"nombrós";2;3;1257
"conversa";1;3;1258
"algú";1;3;1259
"tallat";7;3;1260
"vinent";4;3;1261
"motiu";9;3;1262
"bou";11;3;1263
"àlbum";4;3;1264
"tia";4;3;1265
"agent";22;3;1266
"ona";21;3;1267
"noi";10;3;1268
"útil";2;3;1269
"ruïna";6;3;1270
"cansar";4;3;1271
"descans";4;3;1272
"enllaç";16;3;1273
"febrer";2;3;1274
"màquina";39;3;1275
"panorama";4;3;1276
"selecció";6;3;1277
"competència";13;3;1278
"convocar";3;3;1279
"consistir";2;3;1280
"castellà";7;3;1281
"comprovar";1;3;1282
"autor";3;3;1283
"impossible";3;3;1284
"llibertat";9;3;1285
"alternar";4;3;1286
"localitzar";3;3;1287
"judicial";1;3;1288
"inscripció";4;3;1289
"solter";2;3;1290
"tradició";6;3;1291
"clau";44;3;1292
"interès";11;3;1293
"ciutadella";2;3;1294
"pera";8;3;1295
"quadre";19;3;1296
"veí";5;3;1297
"ideal";4;3;1298
"creta";2;3;1299
"funcionament";3;3;1300
"golf";2;3;1301
"físicament";1;3;1302
"guardar";15;3;1303
"so";25;3;1304
"dalt";6;3;1305
"ambdós";2;3;1306
"tret";23;3;1307
"dòlar";2;3;1308
"equip";8;3;1309
"protagonista";2;3;1310
"abusar";3;3;1311
"ordre";25;3;1312
"penjar";19;3;1313
"planta";23;3;1314
"judici";16;3;1315
"època";9;3;1316
"entrevistar";2;3;1317
"agre";10;3;1318
"factura";5;3;1319
"tècnic";7;3;1320
"becar";2;3;1321
"únicament";2;3;1322
"essa";2;3;1323
"pedra";34;3;1324
"verge";6;3;1325
"econòmicament";2;3;1326
"base";34;3;1327
"perill";2;3;1328
"disc";23;3;1329
"obligar";4;3;1330
"extraordinari";4;3;1331
"basar";5;3;1332
"comprometre";7;3;1333
"cadascú";1;3;1334
"responsabilitat";7;3;1335
"localitat";7;3;1336
"bàsic";6;3;1337
"òbviament";1;3;1338
"separar";5;3;1339
"color";31;3;1340
"llit";30;3;1341
"xato";4;3;1342
"carnet";7;3;1343
"mestre";30;3;1344
"tiquet";1;3;1345
"referència";8;3;1346
"negociar";3;3;1347
"afirmar";1;3;1348
"declarar";9;3;1349
"increment";6;3;1350
"comparèixer";5;3;1351
"valorar";2;3;1352
"molar";8;3;1353
"naturalment";2;3;1354
"hostaleria";1;3;1355
"índex";18;3;1356
"emplenar";1;3;1357
"debatre";5;3;1358
"fruiter";4;3;1359
"pou";28;3;1360
"infantil";5;3;1361
"resoldre";9;3;1362
"passatger";3;3;1363
"guanyar";17;3;1364
"referir";6;3;1365
"qualitat";11;3;1366
"all";7;3;1367
"àrab";6;3;1368
"franja";3;3;1369
"pal";8;3;1370
"ferir";6;3;1371
"mira";6;3;1372
"armar";14;3;1373
"aclarir";12;3;1374
"manifestació";2;3;1375
"brut";16;3;1376
"executiu";6;3;1377
"definir";10;3;1378
"migdia";4;3;1379
"colombià";2;3;1380
"experiència";4;3;1381
"llençar";2;3;1382
"protestar";4;3;1383
"enllà";5;3;1384
"línia";78;3;1385
"parada";10;3;1386
"cat";1;3;1387
"temporal";9;3;1388
"tardar";5;3;1389
"carta";39;3;1390
"verd";19;3;1391
"favor";6;3;1392
"literatura";13;3;1393
"policial";1;3;1394
"mostrar";6;3;1395
"alto";3;3;1396
"corresponent";2;3;1397
"implicació";3;3;1398
"darrer";1;3;1399
"son";9;3;1400
"artista";6;3;1401
"vermell";11;3;1402
"vampir";4;3;1403
"accés";8;3;1404
"recaptar";2;3;1405
"cru";7;2;1406
"enfrontar";2;2;1407
"rebaixar";5;2;1408
"classificar";4;2;1409
"lamentar";3;2;1410
"tribunal";8;2;1411
"estrena";4;2;1412
"publicar";2;2;1413
"munt";4;2;1414
"content";4;2;1415
"espectacle";2;2;1416
"complementar";1;2;1417
"detallar";2;2;1418
"embolic";2;2;1419
"posseir";6;2;1420
"conselleria";4;2;1421
"got";6;2;1422
"rei";32;2;1423
"obrer";5;2;1424
"perfectament";1;2;1425
"restricció";3;2;1426
"assignació";2;2;1427
"callar";5;2;1428
"recent";2;2;1429
"merceria";3;2;1430
"pinzellada";2;2;1431
"romà";3;2;1432
"signar";3;2;1433
"vehicle";6;2;1434
"incloure";4;2;1435
"ses";1;2;1436
"absolut";6;2;1437
"tropa";5;2;1438
"pacte";4;2;1439
"confús";1;2;1440
"llor";2;2;1441
"segellar";3;2;1442
"observatori";2;2;1443
"complir";7;2;1444
"acudir";3;2;1445
"efectiu";6;2;1446
"tasca";6;2;1447
"gènere";19;2;1448
"assentar";11;2;1449
"integrar";5;2;1450
"pila";19;2;1451
"funeral";2;2;1452
"delegació";6;2;1453
"format";6;2;1454
"rotllar";1;2;1455
"avorrir";4;2;1456
"queda";2;2;1457
"parlamentari";4;2;1458
"fenosa";1;2;1459
"substitut";1;2;1460
"subratllar";2;2;1461
"paga";8;2;1462
"pintar";8;2;1463
"esquizofrènia";1;2;1464
"bandera";9;2;1465
"roma";1;2;1466
"secret";12;2;1467
"davallada";3;2;1468
"súper";3;2;1469
"proporcionar";2;2;1470
"identificar";5;2;1471
"clàudia";1;2;1472
"endarrerir";5;2;1473
"posició";18;2;1474
"festiu";3;2;1475
"matinar";2;2;1476
"blanc";33;2;1477
"probabilitat";3;2;1478
"pop";4;2;1479
"mundial";1;2;1480
"preferiblement";1;2;1481
"cosí";6;2;1482
"audiència";5;2;1483
"tensió";15;2;1484
"picar";49;2;1485
"inversió";16;2;1486
"conferència";7;2;1487
"soler";4;2;1488
"jaciment";1;2;1489
"mesa";8;2;1490
"mono";1;2;1491
"taxa";9;2;1492
"barra";32;2;1493
"drapaire";1;2;1494
"import";1;2;1495
"simple";6;2;1496
"detenir";4;2;1497
"amanida";1;2;1498
"votant";1;2;1499
"improvisació";2;2;1500
"branca";7;2;1501
"planificar";1;2;1502
"pressa";4;2;1503
"divertir";4;2;1504
"creuar";3;2;1505
"benvinguda";1;2;1506
"afiliació";1;2;1507
"causar";3;2;1508
"desesperar";4;2;1509
"aguantar";14;2;1510
"bancari";1;2;1511
"recompensa";2;2;1512
"enamorat";2;2;1513
"campanya";5;2;1514
"recuperar";1;2;1515
"retroactiu";2;2;1516
"mediador";1;2;1517
"mental";2;2;1518
"muralla";4;2;1519
"boig";5;2;1520
"redacció";5;2;1521
"fals";8;2;1522
"escaig";2;2;1523
"troba";3;2;1524
"ambaixador";3;2;1525
"posterior";3;2;1526
"arrencar";12;2;1527
"inscriure";6;2;1528
"meitat";4;2;1529
"burro";10;2;1530
"bancar";1;2;1531
"formal";3;2;1532
"pensant";1;2;1533
"manifestar";6;2;1534
"actualment";2;2;1535
"sincer";2;2;1536
"convertir";8;2;1537
"cimera";2;2;1538
"seure";1;2;1539
"triomfar";3;2;1540
"constatar";1;2;1541
"embotit";2;2;1542
"immediatesa";1;2;1543
"caminar";8;2;1544
"formar";12;2;1545
"construcció";11;2;1546
"comparar";3;2;1547
"cèntric";1;2;1548
"consum";4;2;1549
"vaga";7;2;1550
"resumir";1;2;1551
"oficial";7;2;1552
"mirada";2;2;1553
"individual";3;2;1554
"gaudir";6;2;1555
"denunciar";4;2;1556
"genètic";4;2;1557
"jesús";2;2;1558
"protecció";5;2;1559
"dimissió";1;2;1560
"immigrant";1;2;1561
"trist";9;2;1562
"castell";14;2;1563
"pendent";11;2;1564
"qualificar";5;2;1565
"dirigent";1;2;1566
"comparació";7;2;1567
"accent";21;2;1568
"extrem";8;2;1569
"paraula";17;2;1570
"fonamentalment";1;2;1571
"surt";1;2;1572
"accionista";1;2;1573
"massificar";2;2;1574
"model";15;2;1575
"reiterar";2;2;1576
"solució";12;2;1577
"descompte";2;2;1578
"xiïta";2;2;1579
"electoral";2;2;1580
"centenar";4;2;1581
"enrotllar";3;2;1582
"compromís";7;2;1583
"residir";4;2;1584
"restauració";5;2;1585
"runa";5;2;1586
"induir";3;2;1587
"consens";1;2;1588
"accedir";3;2;1589
"elevar";13;2;1590
"mata";7;2;1591
"acomiadament";1;2;1592
"enquesta";3;2;1593
"criteri";2;2;1594
"pèl";34;2;1595
"proposta";2;2;1596
"automàticament";1;2;1597
"invers";2;2;1598
"malta";1;2;1599
"cristina";1;2;1600
"passadís";3;2;1601
"músic";6;2;1602
"millorar";5;2;1603
"pizza";1;2;1604
"lla";3;2;1605
"sala";24;2;1606
"allotjar";4;2;1607
"noruec";4;2;1608
"relatar";2;2;1609
"retrat";4;2;1610
"salut";10;2;1611
"guàrdia";10;2;1612
"figura";21;2;1613
"graciós";3;2;1614
"prostituir";3;2;1615
"impressió";8;2;1616
"recar";1;2;1617
"hormona";3;2;1618
"iraquià";2;2;1619
"apunt";2;2;1620
"inici";1;2;1621
"mussaca";1;2;1622
"contrast";9;2;1623
"rom";3;2;1624
"espiar";4;2;1625
"assumir";1;2;1626
"taxi";1;2;1627
"espènyer";1;2;1628
"ritme";6;2;1629
"acusació";1;2;1630
"piqué";1;2;1631
"terreny";16;2;1632
"allí";3;2;1633
"major";8;2;1634
"acusar";7;2;1635
"segrestar";4;2;1636
"pallasso";2;2;1637
"escenari";3;2;1638
"cometre";2;2;1639
"enllaçar";6;2;1640
"llimoner";3;2;1641
"cost";8;2;1642
"alternativa";4;2;1643
"titular";11;2;1644
"llançament";4;2;1645
"tel";9;2;1646
"venda";3;2;1647
"fil";26;2;1648
"contacte";8;2;1649
"incorporar";4;2;1650
"diputació";4;2;1651
"xinès";4;2;1652
"gamma";6;2;1653
"processó";3;2;1654
"autocar";1;2;1655
"categoria";9;2;1656
"càntabre";3;2;1657
"trio";4;2;1658
"gira";3;2;1659
"complet";5;2;1660
"terrorisme";1;2;1661
"episodi";5;2;1662
"pantalla";14;2;1663
"gegant";6;2;1664
"guiar";8;2;1665
"indirecte";3;2;1666
"llegenda";6;2;1667
"rap";2;2;1668
"informàtic";3;2;1669
"lluita";11;2;1670
"colomer";1;2;1671
"suggerir";2;2;1672
"tall";25;2;1673
"decisió";4;2;1674
"apanyar";2;2;1675
"concurs";6;2;1676
"sospitós";1;2;1677
"precedir";3;2;1678
"insegur";1;2;1679
"improvisar";2;2;1680
"justícia";9;2;1681
"basc";4;2;1682
"bolígraf";1;2;1683
"cedir";6;2;1684
"medicament";1;2;1685
"mortal";8;2;1686
"totalment";1;2;1687
"respecte";9;2;1688
"provincial";2;2;1689
"despatx";7;2;1690
"adolescent";1;2;1691
"estrella";14;2;1692
"automòbil";4;2;1693
"centenari";3;2;1694
"citar";6;2;1695
"context";2;2;1696
"primari";9;2;1697
"impactar";4;2;1698
"similar";1;2;1699
"present";11;2;1700
"condició";16;2;1701
"plantilla";7;2;1702
"buit";17;2;1703
"caixa";33;2;1704
"nominació";1;2;1705
"avall";6;2;1706
"conjunt";8;2;1707
"llicència";10;2;1708
"taquilla";3;2;1709
"emocionar";2;2;1710
"definició";5;2;1711
"rentar";6;2;1712
"conclusió";7;2;1713
"concedir";4;2;1714
"cony";3;2;1715
"dissolució";4;2;1716
"votar";4;2;1717
"avortar";4;2;1718
"inconvenient";3;2;1719
"relaxat";1;2;1720
"distribució";6;2;1721
"francament";1;2;1722
"acceptació";1;2;1723
"curiós";4;2;1724
"tomàquet";3;2;1725
"toc";9;2;1726
"procedir";6;2;1727
"sa";10;2;1728
"diàleg";5;2;1729
"conductor";6;2;1730
"demanda";5;2;1731
"vigilància";4;2;1732
"punyeta";6;2;1733
"emprendre";4;2;1734
"asseure";2;2;1735
"espectador";2;2;1736
"faig";3;2;1737
"municipal";2;2;1738
"pràcticament";2;2;1739
"químic";9;2;1740
"sorprendre";4;2;1741
"univers";6;2;1742
"eliminar";5;2;1743
"assistir";4;2;1744
"aturar";4;2;1745
"cometes";2;2;1746
"full";10;2;1747
"legislatiu";3;2;1748
"formació";13;2;1749
"recomanació";2;2;1750
"amant";6;2;1751
"educació";4;2;1752
"cantó";9;2;1753
"invertir";4;2;1754
"casc";9;2;1755
"durar";6;2;1756
"ballar";16;2;1757
"formulari";4;2;1758
"borratxo";5;2;1759
"legal";1;2;1760
"requerir";4;2;1761
"pastera";8;2;1762
"administració";7;2;1763
"sospitar";3;2;1764
"abadia";4;2;1765
"estendre";11;2;1766
"paradoxa";3;2;1767
"missió";7;2;1768
"rambla";4;2;1769
"advertència";2;2;1770
"distar";1;2;1771
"teoria";19;2;1772
"figurar";10;2;1773
"capella";14;2;1774
"declaració";3;2;1775
"comú";18;2;1776
"descobrir";6;2;1777
"amunt";7;2;1778
"hostaler";1;2;1779
"mandonguilla";2;2;1780
"pont";22;2;1781
"baixada";3;2;1782
"justet";2;2;1783
"aniversari";2;2;1784
"interurbà";1;2;1785
"prohibir";1;2;1786
"bec";28;2;1787
"llicenciatura";2;2;1788
"filar";11;2;1789
"pertocar";2;2;1790
"vuitanta";6;2;1791
"colló";5;2;1792
"definitiu";3;2;1793
"escriptura";27;2;1794
"despertar";7;2;1795
"novetat";2;2;1796
"comunicar";9;2;1797
"pastar";5;2;1798
"dolent";8;2;1799
"temporada";1;2;1800
"mètode";5;2;1801
"viatger";2;2;1802
"encendre";6;2;1803
"arxiu";5;2;1804
"pròpiament";1;2;1805
"estant";3;2;1806
"fronterer";3;2;1807
"especialista";1;2;1808
"sabeu";4;2;1809
"roger";1;2;1810
"test";8;2;1811
"bisbe";7;2;1812
"doctor";6;2;1813
"màfia";2;2;1814
"municipi";3;2;1815
"nadal";2;2;1816
"metge";9;2;1817
"fot";2;2;1818
"assumpte";4;2;1819
"mandra";3;2;1820
"vaticà";2;2;1821
"carregar";35;2;1822
"negatiu";8;2;1823
"paradisíac";1;2;1824
"acollir";5;2;1825
"sencer";4;2;1826
"punta";20;2;1827
"existència";3;2;1828
"calabrès";4;2;1829
"finalitzar";2;2;1830
"possiblement";1;2;1831
"obtenció";1;2;1832
"delicte";3;2;1833
"humanitari";1;2;1834
"gravat";10;2;1835
"calar";18;2;1836
"holanda";2;2;1837
"cèntim";5;2;1838
"apa";1;2;1839
"castigar";8;2;1840
"virus";6;2;1841
"bosc";15;2;1842
"lluitar";2;2;1843
"escàs";4;2;1844
"pintor";2;2;1845
"consecutiu";3;2;1846
"generalitat";6;2;1847
"tirant";6;2;1848
"irregularitat";2;2;1849
"valor";23;2;1850
"manifestant";1;2;1851
"ajustar";12;2;1852
"respirar";9;2;1853
"indi";7;2;1854
"esglaó";1;2;1855
"rosa";27;2;1856
"minoic";1;2;1857
"calaix";7;2;1858
"oliver";3;2;1859
"homosexualitat";1;2;1860
"mentir";5;2;1861
"guixa";1;2;1862
"vent";27;2;1863
"obligació";4;2;1864
"esplai";2;2;1865
"alba";6;2;1866
"habitant";2;1;1867
"predisposició";2;1;1868
"inhalació";2;1;1869
"solidaritat";2;1;1870
"comtal";1;1;1871
"redactor";2;1;1872
"intermedi";3;1;1873
"passejada";2;1;1874
"xat";2;1;1875
"esmorzar";3;1;1876
"fugida";1;1;1877
"impropi";4;1;1878
"llatí";9;1;1879
"prémer";1;1;1880
"explotar";4;1;1881
"thai";1;1;1882
"reportatge";5;1;1883
"cogombre";4;1;1884
"tor";2;1;1885
"tossir";2;1;1886
"suplir";3;1;1887
"peu";96;1;1888
"abordar";8;1;1889
"arruïnar";3;1;1890
"seriós";7;1;1891
"finançament";1;1;1892
"aïllar";6;1;1893
"escena";10;1;1894
"previ";1;1;1895
"assessor";3;1;1896
"expressar";4;1;1897
"canària";1;1;1898
"concordar";2;1;1899
"excés";4;1;1900
"gos";12;1;1901
"manifest";8;1;1902
"reivindicar";5;1;1903
"descobridor";1;1;1904
"impacte";4;1;1905
"creixement";6;1;1906
"curro";1;1;1907
"ample";9;1;1908
"còmoda";1;1;1909
"adherir";4;1;1910
"mitjançant";4;1;1911
"homosexual";2;1;1912
"organisme";4;1;1913
"ofici";13;1;1914
"corea";1;1;1915
"pilar";7;1;1916
"ble";3;1;1917
"sufragi";4;1;1918
"gimnàs";3;1;1919
"catòlic";4;1;1920
"cobra";3;1;1921
"escultura";2;1;1922
"arqueològic";1;1;1923
"activista";2;1;1924
"follar";3;1;1925
"ambulància";2;1;1926
"inclinació";7;1;1927
"arquebisbe";1;1;1928
"sin";1;1;1929
"creient";2;1;1930
"tort";6;1;1931
"pirata";5;1;1932
"jungla";1;1;1933
"prosperitat";2;1;1934
"oficiar";2;1;1935
"natura";12;1;1936
"cartera";9;1;1937
"orientar";8;1;1938
"desaparèixer";4;1;1939
"butxaca";4;1;1940
"onzè";5;1;1941
"avarca";1;1;1942
"curtcircuit";1;1;1943
"nas";15;1;1944
"romanç";5;1;1945
"contraindicar";1;1;1946
"gat";24;1;1947
"privatització";1;1;1948
"hostal";1;1;1949
"desteixir";2;1;1950
"resolució";8;1;1951
"expressament";2;1;1952
"justament";2;1;1953
"porticat";1;1;1954
"significatiu";1;1;1955
"conscient";4;1;1956
"últimament";2;1;1957
"confort";3;1;1958
"utòpic";1;1;1959
"aragonès";6;1;1960
"escapada";2;1;1961
"representant";2;1;1962
"ego";2;1;1963
"pertot";2;1;1964
"escàndol";2;1;1965
"conflictiu";2;1;1966
"créixer";6;1;1967
"estimar";11;1;1968
"fortuna";7;1;1969
"contribuir";1;1;1970
"pràcticum";1;1;1971
"resseguir";3;1;1972
"versió";7;1;1973
"jerarquia";6;1;1974
"ela";4;1;1975
"enamorar";3;1;1976
"colós";3;1;1977
"boca";65;1;1978
"peixet";5;1;1979
"immens";2;1;1980
"rastre";3;1;1981
"capa";21;1;1982
"afer";6;1;1983
"gorra";5;1;1984
"provinent";1;1;1985
"assabentar";2;1;1986
"gastronòmicament";1;1;1987
"precaució";2;1;1988
"república";3;1;1989
"clac";3;1;1990
"colza";1;1;1991
"escaure";8;1;1992
"uix";2;1;1993
"fanàtic";2;1;1994
"banca";11;1;1995
"nano";2;1;1996
"adjudicació";1;1;1997
"borsa";2;1;1998
"efa";1;1;1999
"explicitar";1;1;2000
"gestació";2;1;2001
"llac";2;1;2002
"pista";9;1;2003
"igualar";4;1;2004
"relleu";18;1;2005
"sibarita";1;1;2006
"finançar";2;1;2007
"destinatari";1;1;2008
"recopilar";1;1;2009
"gemma";7;1;2010
"eficàcia";2;1;2011
"composar";3;1;2012
"vega";3;1;2013
"parella";5;1;2014
"intent";2;1;2015
"reveure";3;1;2016
"barca";18;1;2017
"coi";2;1;2018
"pizzeria";1;1;2019
"ullar";3;1;2020
"llis";13;1;2021
"convenció";7;1;2022
"nau";12;1;2023
"anomenar";3;1;2024
"xe";1;1;2025
"marroquí";4;1;2026
"reducció";13;1;2027
"generació";8;1;2028
"percentatge";1;1;2029
"documentació";3;1;2030
"tros";15;1;2031
"concretar";2;1;2032
"pacient";4;1;2033
"tiberi";1;1;2034
"tràmit";3;1;2035
"àgata";2;1;2036
"inclinar";4;1;2037
"tretzè";3;1;2038
"defensa";14;1;2039
"captura";4;1;2040
"probable";2;1;2041
"espina";10;1;2042
"pressupostar";1;1;2043
"prioritat";2;1;2044
"culturitzar";1;1;2045
"rar";6;1;2046
"presentador";1;1;2047
"vuitè";3;1;2048
"institució";7;1;2049
"evacuar";6;1;2050
"pastel";2;1;2051
"validesa";1;1;2052
"castrar";2;1;2053
"paula";2;1;2054
"indígena";1;1;2055
"mèdic";4;1;2056
"pagès";6;1;2057
"alternatiu";4;1;2058
"gres";2;1;2059
"aeròdrom";1;1;2060
"jerònim";2;1;2061
"mitjana";13;1;2062
"vàlid";2;1;2063
"paramilitar";1;1;2064
"agreujament";1;1;2065
"desplegament";1;1;2066
"domicili";3;1;2067
"infraestructura";2;1;2068
"condemnar";10;1;2069
"ambientar";3;1;2070
"neuronal";1;1;2071
"trampejar";2;1;2072
"becari";1;1;2073
"coneixement";9;1;2074
"excepció";5;1;2075
"habitual";2;1;2076
"producció";7;1;2077
"sentència";6;1;2078
"cel";18;1;2079
"convidat";1;1;2080
"televisiu";1;1;2081
"justificar";5;1;2082
"tribal";2;1;2083
"acaparar";3;1;2084
"peculiar";1;1;2085
"assentament";5;1;2086
"atrofiar";2;1;2087
"arquitectònic";3;1;2088
"autonomia";7;1;2089
"planxa";13;1;2090
"planejar";4;1;2091
"videoclip";1;1;2092
"sorpresa";6;1;2093
"anual";4;1;2094
"depriment";2;1;2095
"àmbit";3;1;2096
"clan";2;1;2097
"atleta";3;1;2098
"reflectir";5;1;2099
"infiltrar";5;1;2100
"detingut";2;1;2101
"òptim";2;1;2102
"cec";9;1;2103
"certesa";3;1;2104
"capità";15;1;2105
"racó";5;1;2106
"desgràcia";4;1;2107
"habitar";4;1;2108
"enfrontament";1;1;2109
"penalitzar";2;1;2110
"intervenció";4;1;2111
"telenotícies";1;1;2112
"bromar";1;1;2113
"específic";3;1;2114
"subministrar";1;1;2115
"vestit";6;1;2116
"milla";4;1;2117
"exigir";2;1;2118
"successiu";2;1;2119
"restaurar";3;1;2120
"projectil";2;1;2121
"trasllat";5;1;2122
"emborratxar";6;1;2123
"tastet";1;1;2124
"autoritzar";3;1;2125
"tecla";6;1;2126
"barallar";2;1;2127
"processar";2;1;2128
"pigment";4;1;2129
"victòria";5;1;2130
"visitant";1;1;2131
"pronunciar";6;1;2132
"adreça";4;1;2133
"distribuir";5;1;2134
"anant";2;1;2135
"consumidor";1;1;2136
"atrapar";4;1;2137
"operació";8;1;2138
"vàter";2;1;2139
"gros";12;1;2140
"entrenament";2;1;2141
"llicenciat";1;1;2142
"era";12;1;2143
"sectari";2;1;2144
"comunicat";2;1;2145
"exclusivament";2;1;2146
"iniciar";4;1;2147
"bellesa";4;1;2148
"impartir";2;1;2149
"calcografia";3;1;2150
"delegar";2;1;2151
"discreció";3;1;2152
"clausurar";1;1;2153
"domini";14;1;2154
"tombarella";1;1;2155
"petroli";1;1;2156
"actor";4;1;2157
"desperfecte";1;1;2158
"venjar";5;1;2159
"alcohol";12;1;2160
"sessió";5;1;2161
"objecte";12;1;2162
"grandesa";3;1;2163
"sunnita";2;1;2164
"enmig";2;1;2165
"opositor";2;1;2166
"divulgar";2;1;2167
"còmic";6;1;2168
"prometre";5;1;2169
"fundar";6;1;2170
"particularment";2;1;2171
"contrastar";6;1;2172
"orgull";3;1;2173
"electrogen";1;1;2174
"operatiu";2;1;2175
"rumor";1;1;2176
"traumatisme";2;1;2177
"indicació";2;1;2178
"burocràtic";1;1;2179
"polèmic";3;1;2180
"provisional";2;1;2181
"element";22;1;2182
"tutor";3;1;2183
"explicació";2;1;2184
"contenir";6;1;2185
"oficialment";1;1;2186
"tria";1;1;2187
"fonamentar";2;1;2188
"transparent";5;1;2189
"tabarra";1;1;2190
"efecte";25;1;2191
"for";2;1;2192
"acordar";8;1;2193
"descripció";4;1;2194
"enginyer";4;1;2195
"circular";9;1;2196
"protegir";3;1;2197
"remei";5;1;2198
"entusiasmar";2;1;2199
"telefònicament";1;1;2200
"realització";2;1;2201
"sensor";3;1;2202
"bord";11;1;2203
"auditori";2;1;2204
"heterogeni";4;1;2205
"ofendre";4;1;2206
"poesia";7;1;2207
"eficaç";2;1;2208
"contaminar";4;1;2209
"engarjolar";3;1;2210
"sobrepassar";1;1;2211
"contractació";1;1;2212
"formatge";3;1;2213
"parla";3;1;2214
"nova";3;1;2215
"pur";4;1;2216
"apreciar";4;1;2217
"xampany";1;1;2218
"divisió";11;1;2219
"equador";5;1;2220
"intens";2;1;2221
"datar";4;1;2222
"oci";2;1;2223
"ampli";3;1;2224
"discutir";3;1;2225
"combat";7;1;2226
"ur";1;1;2227
"nadar";1;1;2228
"presentació";3;1;2229
"engrescar";3;1;2230
"sensació";8;1;2231
"remenar";5;1;2232
"conversió";7;1;2233
"ratificar";3;1;2234
"volant";11;1;2235
"pestanya";4;1;2236
"explicatiu";2;1;2237
"poema";2;1;2238
"ve";3;1;2239
"las";1;1;2240
"prec";2;1;2241
"trepidant";2;1;2242
"empalmar";4;1;2243
"urbà";3;1;2244
"abús";1;1;2245
"penitent";3;1;2246
"expulsió";2;1;2247
"boxejador";1;1;2248
"vetllada";2;1;2249
"rebuig";5;1;2250
"agricultor";1;1;2251
"cigró";4;1;2252
"enrere";1;1;2253
"recentment";1;1;2254
"ingressar";3;1;2255
"futur";6;1;2256
"cens";8;1;2257
"especulació";1;1;2258
"respectar";4;1;2259
"foment";2;1;2260
"tailandès";2;1;2261
"comicis";3;1;2262
"vora";9;1;2263
"marginat";2;1;2264
"contemporani";2;1;2265
"impressionista";2;1;2266
"prioritzar";1;1;2267
"confiar";5;1;2268
"torner";3;1;2269
"demés";1;1;2270
"regulació";6;1;2271
"consolidar";6;1;2272
"gra";25;1;2273
"amenaçar";4;1;2274
"assemblea";5;1;2275
"fotògraf";1;1;2276
"venecià";5;1;2277
"sucar";5;1;2278
"desagradar";2;1;2279
"trobada";2;1;2280
"pixar";8;1;2281
"socialista";3;1;2282
"vedellar";1;1;2283
"milicià";2;1;2284
"miler";3;1;2285
"fava";13;1;2286
"arreveure";1;1;2287
"complimentar";1;1;2288
"aiguafort";3;1;2289
"errar";5;1;2290
"càmera";8;1;2291
"summa";1;1;2292
"recurs";14;1;2293
"fabricar";3;1;2294
"creatiu";4;1;2295
"acollida";1;1;2296
"mòmia";4;1;2297
"bomber";1;1;2298
"penal";3;1;2299
"rellotge";10;1;2300
"enfront";3;1;2301
"velocitat";8;1;2302
"franquisme";2;1;2303
"descriure";2;1;2304
"afició";1;1;2305
"panda";3;1;2306
"locució";3;1;2307
"guanyador";1;1;2308
"orella";33;1;2309
"certament";1;1;2310
"prova";23;1;2311
"observar";3;1;2312
"estància";1;1;2313
"solar";10;1;2314
"radar";1;1;2315
"moro";5;1;2316
"enviament";1;1;2317
"interrupció";2;1;2318
"abastir";1;1;2319
"seta";2;1;2320
"nomenament";2;1;2321
"vedell";4;1;2322
"terrible";2;1;2323
"inicial";4;1;2324
"batalla";7;1;2325
"ostatge";2;1;2326
"immortalitzar";1;1;2327
"amistat";4;1;2328
"intercanviar";1;1;2329
"escalada";5;1;2330
"recuperació";6;1;2331
"moral";10;1;2332
"pistola";3;1;2333
"qüestionar";2;1;2334
"humanístic";1;1;2335
"fusta";19;1;2336
"elèctric";3;1;2337
"rescat";3;1;2338
"mutu";2;1;2339
"eta";1;1;2340
"satisfer";8;1;2341
"equivoc";1;1;2342
"mongeta";6;1;2343
"gai";4;1;2344
"oli";20;1;2345
"saba";5;1;2346
"exonerar";1;1;2347
"placa";16;1;2348
"sindicalista";2;1;2349
"enfocar";3;1;2350
"desenvolupar";5;1;2351
"desestabilitzar";1;1;2352
"poeta";2;1;2353
"congeniar";1;1;2354
"immoble";2;1;2355
"ocórrer";5;1;2356
"facturar";3;1;2357
"tractable";2;1;2358
"cineasta";1;1;2359
"partida";12;1;2360
"civilitzar";1;1;2361
"tripulant";1;1;2362
"caràcter";20;1;2363
"fundació";4;1;2364
"mosquejar";1;1;2365
"atenir";1;1;2366
"estipular";1;1;2367
"assistència";4;1;2368
"llegendari";4;1;2369
"pol";15;1;2370
"mont";3;1;2371
"postguerra";1;1;2372
"subcontractació";1;1;2373
"ferri";3;1;2374
"estre";2;1;2375
"futbol";2;1;2376
"plàstic";8;1;2377
"pàtria";5;1;2378
"auto";2;1;2379
"presenciar";1;1;2380
"valuós";1;1;2381
"energètic";3;1;2382
"expulsar";2;1;2383
"miner";2;1;2384
"transcórrer";1;1;2385
"continent";6;1;2386
"extrajudicial";1;1;2387
"cartellera";2;1;2388
"serigrafia";1;1;2389
"arquitecte";2;1;2390
"independent";6;1;2391
"botiga";9;1;2392
"ferrocarril";4;1;2393
"estalvi";7;1;2394
"dansa";8;1;2395
"electricitat";10;1;2396
"urbanístic";2;1;2397
"ro";1;1;2398
"dividir";8;1;2399
"contaminació";5;1;2400
"actualitzar";4;1;2401
"agrari";1;1;2402
"periodisme";1;1;2403
"combatre";4;1;2404
"reivindicació";1;1;2405
"connectar";2;1;2406
"xerrada";2;1;2407
"bodega";1;1;2408
"basquetbol";1;1;2409
"fotocòpia";3;1;2410
"seca";6;1;2411
"improvís";2;1;2412
"renom";2;1;2413
"desmentir";3;1;2414
"bala";11;1;2415
"setmanal";3;1;2416
"multar";1;1;2417
"pavelló";12;1;2418
"afegitó";1;1;2419
"emplaçar";1;1;2420
"catre";4;1;2421
"notícia";8;1;2422
"detenció";2;1;2423
"ver";3;1;2424
"madur";6;1;2425
"reciprocitat";2;1;2426
"obviar";2;1;2427
"piló";13;1;2428
"independitzar";2;1;2429
"primària";1;1;2430
"liderar";1;1;2431
"decorat";1;1;2432
"mite";3;1;2433
"ràpidament";1;1;2434
"hisenda";2;1;2435
"dimensió";6;1;2436
"àlies";2;1;2437
"arreglar";7;1;2438
"novell";3;1;2439
"ocasió";5;1;2440
"pluja";12;1;2441
"episcopal";2;1;2442
"matrimoni";6;1;2443
"dominicà";3;1;2444
"equipament";1;1;2445
"soga";2;1;2446
"bah";3;1;2447
"saco";1;1;2448
"voluntari";2;1;2449
"ull";75;1;2450
"ficada";1;1;2451
"llangardaix";5;1;2452
"comptabilitzar";1;1;2453
"actitud";4;1;2454
"bava";5;1;2455
"pana";2;1;2456
"cabàs";5;1;2457
"careta";7;1;2458
"acomiadar";3;1;2459
"complicació";1;1;2460
"soroll";13;1;2461
"prèviament";1;1;2462
"concloure";4;1;2463
"preocupant";1;1;2464
"traductor";3;1;2465
"suís";4;1;2466
"rodar";10;1;2467
"cerimònia";3;1;2468
"meteorològic";1;1;2469
"diferenciar";5;1;2470
"divisa";5;1;2471
"acompanyar";8;1;2472
"enredar";5;1;2473
"curiositat";2;1;2474
"transbordar";3;1;2475
"factoria";2;1;2476
"frontera";5;1;2477
"ajuntar";5;1;2478
"lectura";6;1;2479
"propinar";1;1;2480
"mona";9;1;2481
"notificar";1;1;2482
"regadiu";1;1;2483
"sorprenent";1;1;2484
"unitat";41;1;2485
"crític";13;1;2486
"sis";7;1;2487
"baratar";1;1;2488
"atzar";5;1;2489
"jueu";6;1;2490
"acadèmia";6;1;2491
"malaltia";5;1;2492
"pebrot";5;1;2493
"ensenyança";1;1;2494
"clandestí";1;1;2495
"modernització";2;1;2496
"poètic";8;1;2497
"puta";2;1;2498
"contribuent";1;1;2499
"presidencial";1;1;2500
"menú";3;1;2501
"rocós";2;1;2502
"postres";2;1;2503
"contracte";8;1;2504
"metodologia";3;1;2505
"inspecció";4;1;2506
"desengany";1;1;2507
"percepció";4;1;2508
"referendar";3;1;2509
"esquivar";5;1;2510
"constructiu";2;1;2511
"llista";12;1;2512
"pus";6;1;2513
"rodatge";3;1;2514
"italianitzar";4;1;2515
"mercantil";1;1;2516
"retirar";11;1;2517
"refiar";1;1;2518
"violent";3;1;2519
"roba";16;1;2520
"dotar";4;1;2521
"específicament";1;1;2522
"psicològic";1;1;2523
"òrgan";4;1;2524
"asiàtic";2;1;2525
"bol";8;1;2526
"musculatura";1;1;2527
"assignar";3;1;2528
"respondre";6;1;2529
"gradual";5;1;2530
"coreografia";2;1;2531
"escanyar";7;1;2532
"hum";1;1;2533
"cobrament";2;1;2534
"bonir";2;1;2535
"detall";4;1;2536
"extra";3;1;2537
"rock";2;1;2538
"concloent";1;1;2539
"ardent";6;1;2540
"cabra";16;1;2541
"creació";4;1;2542
"engruixar";1;1;2543
"àrea";16;1;2544
"tanc";3;1;2545
"conserge";1;1;2546
"binar";2;1;2547
"incompatible";1;1;2548
"voltar";7;1;2549
"veracitat";1;1;2550
"adequar";2;1;2551
"regne";5;1;2552
"maldecap";1;1;2553
"cercador";4;1;2554
"restringir";1;1;2555
"laberint";5;1;2556
"repartir";3;1;2557
"desplomar";3;1;2558
"trava";9;1;2559
"sola";11;1;2560
"droga";3;1;2561
"engruixir";2;1;2562
"retall";2;1;2563
"manar";5;1;2564
"reclamació";3;1;2565
"augurar";1;1;2566
"semblant";7;1;2567
"electe";1;1;2568
"sobra";3;1;2569
"equivalent";10;1;2570
"vila";4;1;2571
"contrasenya";3;1;2572
"corregir";6;1;2573
"legislatura";1;1;2574
"tendència";5;1;2575
"relatiu";6;1;2576
"injectar";6;1;2577
"compatibilitzar";1;1;2578
"demani";1;1;2579
"asturià";4;1;2580
"insultar";1;1;2581
"injecció";6;1;2582
"abandonar";5;1;2583
"agradable";1;1;2584
"imaginari";1;1;2585
"entrega";1;1;2586
"veneçolà";2;1;2587
"sexual";2;1;2588
"finestra";10;1;2589
"barril";3;1;2590
"fuetejar";2;1;2591
"esper";1;1;2592
"màgic";4;1;2593
"immediat";2;1;2594
"cangueli";2;1;2595
"llargarut";1;1;2596
"pèssim";2;1;2597
"necessàriament";1;1;2598
"habitatge";1;1;2599
"significativament";1;1;2600
"comerciant";2;1;2601
"pressió";20;1;2602
"tresorer";3;1;2603
"joventut";4;1;2604
"orxata";1;1;2605
"alimentació";4;1;2606
"amable";2;1;2607
"ampliació";1;1;2608
"passa";4;1;2609
"butlletí";4;1;2610
"agulla";42;1;2611
"actiu";18;1;2612
"cinematogràfic";1;1;2613
"lúdic";1;1;2614
"agilitzar";1;1;2615
"teòricament";1;1;2616
"concórrer";5;1;2617
"operar";4;1;2618
"papa";4;1;2619
"terrè";1;1;2620
"indignació";1;1;2621
"ena";1;1;2622
"incumbir";1;1;2623
"frau";4;1;2624
"empleat";1;1;2625
"negligència";3;1;2626
"xofer";1;1;2627
"collonut";2;1;2628
"pronúncia";1;1;2629
"prosperar";2;1;2630
"saltejar";1;1;2631
"imatge";15;1;2632
"xerrar";4;1;2633
"maquineta";3;1;2634
"arrestar";2;1;2635
"caixer";8;1;2636
"intèrpret";5;1;2637
"execució";2;1;2638
"perfecció";3;1;2639
"or";11;1;2640
"ascendir";3;1;2641
"drac";2;1;2642
"mitja";2;1;2643
"drogueria";1;1;2644
"federació";3;1;2645
"palma";9;1;2646
"flexibilitat";2;1;2647
"estricte";3;1;2648
"disponibilitat";1;1;2649
"reorganització";1;1;2650
"tes";2;1;2651
"pot";3;1;2652
"enriquidor";1;1;2653
"artístic";2;1;2654
"artefacte";2;1;2655
"bai";2;1;2656
"interprofessional";1;1;2657
"retirada";2;1;2658
"domar";2;1;2659
"medi";11;1;2660
"equivalència";3;1;2661
"ordinari";12;1;2662
"simpàtic";4;1;2663
"debat";4;1;2664
"exposar";8;1;2665
"gala";9;1;2666
"còpia";9;1;2667
"som";1;1;2668
"ratllar";2;1;2669
"postal";2;1;2670
"fitxa";8;1;2671
"propietari";2;1;2672
"campanada";2;1;2673
"moneda";17;1;2674
"presidència";5;1;2675
"apartament";3;1;2676
"coster";9;1;2677
"animar";4;1;2678
"ban";6;1;2679
"embaràs";4;1;2680
"substituir";2;1;2681
"hem";2;1;2682
"governar";6;1;2683
"sanitat";2;1;2684
"publicitari";2;1;2685
"conforme";8;1;2686
"multimilionari";1;1;2687
"evident";1;1;2688
"despertador";2;1;2689
"particularitat";2;1;2690
"trinitat";1;1;2691
"cordial";4;1;2692
"radiografia";2;1;2693
"invalidar";1;1;2694
"lent";7;1;2695
"llavor";4;1;2696
"missa";13;1;2697
"aficionar";1;1;2698
"almenys";2;1;2699
"telefonia";1;1;2700
"agricultura";1;1;2701
"dipositar";6;1;2702
"quilo";1;1;2703
"astronòmic";3;1;2704
"paciència";3;1;2705
"lloguer";3;1;2706
"recompensar";2;1;2707
"carpa";2;1;2708
"barquet";1;1;2709
"empitjorar";3;1;2710
"llest";6;1;2711
"espot";1;1;2712
"raure";6;1;2713
"fullar";1;1;2714
"bestial";2;1;2715
"forat";10;1;2716
"dematí";1;1;2717
"celebració";1;1;2718
"plataforma";7;1;2719
"xorrar";3;1;2720
"separació";7;1;2721
"riure";18;1;2722
"fart";6;1;2723
"recular";5;1;2724
"torna";5;1;2725
"maleir";3;1;2726
"amistar";2;1;2727
"superfície";14;1;2728
"germà";8;1;2729
"anotació";1;1;2730
"ventall";8;1;2731
"fanfarroneria";2;1;2732
"avançament";3;1;2733
"mobilitat";4;1;2734
"comitiva";2;1;2735
"tiroteig";1;1;2736
"cursa";8;1;2737
"condemna";1;1;2738
"pioner";1;1;2739
"dècima";7;1;2740
"efectuar";2;1;2741
"narcotràfic";1;1;2742
"lema";6;1;2743
"ocupació";5;1;2744
"extracció";3;1;2745
"apassionant";1;1;2746
"limitar";4;1;2747
"nul";4;1;2748
"abatiment";4;1;2749
"afroamericà";1;1;2750
"definitivament";1;1;2751
"dolar";1;1;2752
"fotomuntatge";2;1;2753
"detonar";1;1;2754
"xarxa";20;1;2755
"originar";2;1;2756
"incendiar";2;1;2757
"fomentar";3;1;2758
"antiheroi";1;1;2759
"rearmar";1;1;2760
"abraçar";7;1;2761
"escampar";12;1;2762
"ajudant";7;1;2763
"amistós";2;1;2764
"monitor";6;1;2765
"urbanització";4;1;2766
"cooperació";2;1;2767
"justa";2;1;2768
"succés";2;1;2769
"laboral";2;1;2770
"tro";6;1;2771
"jutjar";6;1;2772
"tira";5;1;2773
"lògicament";1;1;2774
"condicionar";5;1;2775
"musar";1;1;2776
"modest";5;1;2777
"brutal";4;1;2778
"interrogar";2;1;2779
"atrafegar";1;1;2780
"decebre";3;1;2781
"dens";6;1;2782
"incendi";1;1;2783
"anatomia";6;1;2784
"àvia";3;1;2785
"assenyalament";2;1;2786
"navegació";5;1;2787
"plasmar";2;1;2788
"transvasament";1;1;2789
"incident";5;1;2790
"reactivació";1;1;2791
"corporació";3;1;2792
"assegurança";2;1;2793
"verdós";2;1;2794
"estadístic";6;1;2795
"avenç";2;1;2796
"teixir";9;1;2797
"fascinar";1;1;2798
"llegar";2;1;2799
"pàrquing";1;1;2800
"tractament";15;1;2801
"medieval";1;1;2802
"romandre";1;1;2803
"normalitat";1;1;2804
"reclam";9;1;2805
"taquiller";2;1;2806
"conegut";3;1;2807
"afiliar";3;1;2808
"constitucional";3;1;2809
"reforç";5;1;2810
"conviure";1;1;2811
"neu";10;1;2812
"novè";4;1;2813
"disminuir";3;1;2814
"desmarcar";3;1;2815
"nu";10;1;2816
"remetre";7;1;2817
"suma";4;1;2818
"dic";10;1;2819
"campament";3;1;2820
"espècie";18;1;2821
"aforament";3;1;2822
"encefàlic";1;1;2823
"blues";1;1;2824
"tarannà";1;1;2825
"nevada";2;1;2826
"malagueny";3;1;2827
"engegar";9;1;2828
"trampa";8;1;2829
"orni";1;1;2830
"capítol";12;1;2831
"cotitzar";2;1;2832
"fonamental";3;1;2833
"lògic";17;1;2834
"duo";2;1;2835
"torrar";5;1;2836
"empresari";3;1;2837
"caiguda";13;1;2838
"mediocre";1;1;2839
"descabellar";1;1;2840
"ha";5;1;2841
"personalitzar";5;1;2842
"tarja";3;1;2843
"paradigma";4;1;2844
"rotlle";10;1;2845
"descendir";4;1;2846
"jornada";5;1;2847
"escolta";6;1;2848
"remot";3;1;2849
"trit";1;1;2850
"duplicar";1;1;2851
"freqüència";12;1;2852
"fus";7;1;2853
"diplomàtic";5;1;2854
"dignitat";3;1;2855
"combustió";4;1;2856
"realitat";4;1;2857
"albergar";2;1;2858
"modernitzar";2;1;2859
"transmetre";5;1;2860
"literalment";1;1;2861
"rerefons";1;1;2862
"exercir";2;1;2863
"fosc";7;1;2864
"viar";1;1;2865
"nombrar";1;1;2866
"verificar";2;1;2867
"beisbol";1;1;2868
"patrulla";3;1;2869
"metàfora";1;1;2870
"assassinar";1;1;2871
"certificar";2;1;2872
"mancar";10;1;2873
"prevenció";4;1;2874
"fama";2;1;2875
"capçalera";10;1;2876
"acomplir";2;1;2877
"girar";29;1;2878
"fugir";13;1;2879
"relativament";3;1;2880
"sostenir";8;1;2881
"tòpic";7;1;2882
"depressió";6;1;2883
"protagonitzar";1;1;2884
"excepte";1;1;2885
"laborable";2;1;2886
"saló";5;1;2887
"designar";2;1;2888
"material";9;1;2889
"netejar";3;1;2890
"alfa";3;1;2891
"mer";1;1;2892
"plat";15;1;2893
"constitució";8;1;2894
"defensar";7;1;2895
"exhibir";3;1;2896
"xoc";5;1;2897
"codi";10;1;2898
"pub";3;1;2899
"programar";3;1;2900
"maniobra";10;1;2901
"témer";7;1;2902
"correfoc";1;1;2903
"protesta";2;1;2904
"net";18;1;2905
"mas";2;1;2906
"fàstic";5;1;2907
"flamant";1;1;2908
"regar";4;1;2909
"dalí";1;1;2910
"jazz";1;1;2911
"caravana";6;1;2912
"aliment";10;1;2913
"conjuntar";1;1;2914
"contactar";1;1;2915
"revés";11;1;2916
"blau";15;1;2917
"tràfic";4;1;2918
"vestuari";2;1;2919
"estirar";12;1;2920
"comoditat";3;1;2921
"marató";2;1;2922
"negre";27;1;2923
"massificació";1;1;2924
"inclús";1;1;2925
"extinció";4;1;2926
"femení";5;1;2927
"destrucció";1;1;2928
"volum";15;1;2929
"pondre";3;1;2930
"professió";3;1;2931
"cocaïna";1;1;2932
"emprenedor";2;1;2933
"màgia";4;1;2934
"adaptar";4;1;2935
"recalcar";4;1;2936
"inhabilitació";2;1;2937
"promoció";5;1;2938
"agreujar";4;1;2939
"territori";3;1;2940
"afí";3;1;2941
"introduir";6;1;2942
"usuari";2;1;2943
"rendibilitat";2;1;2944
"massiu";3;1;2945
"venciment";2;1;2946
"assenyalar";7;1;2947
"verificació";1;1;2948
"llàstima";5;1;2949
"trentena";2;1;2950
"bell";4;1;2951
"aparer";1;1;2952
"desena";2;1;2953
"criticar";3;1;2954
"circuit";8;1;2955
"substancial";3;1;2956
"rebutjar";3;1;2957
"bot";19;1;2958
"impossibilitar";1;1;2959
"redactar";1;1;2960
"conya";3;1;2961
"canalitzar";4;1;2962
"holandès";3;1;2963
"promoure";3;1;2964
"guerrilla";2;1;2965
"clava";1;1;2966
"íntim";5;1;2967
"prejudici";2;1;2968
"anualment";1;1;2969
"quantia";1;1;2970
"fórmula";11;1;2971
"boda";3;1;2972
"ràbia";4;1;2973
"dificultat";3;1;2974
"tondre";2;1;2975
"gràfic";8;1;2976
"precisió";3;1;2977
"tancament";4;1;2978
"mant";2;1;2979
"emmarcar";3;1;2980
"curt";17;1;2981
"hom";2;1;2982
"pruir";1;1;2983
"tai";5;1;2984
"espècia";1;1;2985
"incompliment";1;1;2986
"evasiu";3;1;2987
"embarassar";2;1;2988
"paret";6;1;2989
"fleuma";3;1;2990
"cardenal";4;1;2991
"tem";2;1;2992
"borar";1;1;2993
"equiparable";1;1;2994
"convencional";3;1;2995
"aparcar";2;1;2996
"predominar";1;1;2997
"cervesa";1;1;2998
"pollastre";3;1;2999
"avantguarda";3;1;3000
"joguina";3;1;3001
"fitxer";5;1;3002
"comptant";1;1;3003
"emportar";6;1;3004
"immigració";1;1;3005
"automobilístic";2;1;3006
"andana";7;1;3007
"flaix";4;1;3008
"garatge";1;1;3009
"discogràfic";2;1;3010
"obsessionar";2;1;3011
"viatjant";1;1;3012
"dorsal";8;1;3013
"pernil";4;1;3014
"despenjar";4;1;3015
"tela";12;1;3016
"valència";1;1;3017
"arremetre";2;1;3018
"disposició";5;1;3019
"merder";4;1;3020
"apassionar";2;1;3021
"conservació";1;1;3022
"torxa";3;1;3023
"règim";21;1;3024
"símbol";6;1;3025
"soci";5;1;3026
"ambiental";2;1;3027
"compaginar";5;1;3028
"taló";10;1;3029
"intimitat";4;1;3030
"teòric";2;1;3031
"terç";8;1;3032
"presidir";2;1;3033
"procreació";1;1;3034
"handbol";1;1;3035
"truja";2;1;3036
"islamista";3;1;3037
"obsolet";2;1;3038
"mur";13;1;3039
"passatge";9;1;3040
"pres";1;1;3041
"precís";1;1;3042
"casual";1;1;3043
"empenta";7;1;3044
"petó";1;1;3045
"empresarial";1;1;3046
"culpar";1;1;3047
"alçada";5;1;3048
"presencial";3;1;3049
"trama";9;1;3050
"resident";2;1;3051
"gro";1;1;3052
"arquitectura";8;1;3053
"ansí";1;1;3054
"convenient";1;1;3055
"completament";1;1;3056
"gas";25;1;3057
"alar";2;1;3058
"dígit";2;1;3059
"coordinació";4;1;3060
"alerta";3;1;3061
"cabre";5;1;3062
"autonòmic";2;1;3063
"suspendre";9;1;3064
"coll";27;1;3065
"adquisició";5;1;3066
"asil";5;1;3067
"comportament";3;1;3068
"pelut";12;1;3069
"facció";7;1;3070
"retributiu";1;1;3071
"fe";19;1;3072
"culpable";2;1;3073
"fred";11;1;3074
"moviment";38;1;3075
"fusell";6;1;3076
"atractiu";2;1;3077
"abonar";10;1;3078
"competir";3;1;3079
"plaer";2;1;3080
"retard";7;1;3081
"cicle";20;1;3082
"periodístic";4;1;3083
